No(idではない),food_name,nutrient_name,content
1,チャオ　すごい乳酸菌　クランキー　超小粒　チキン味,タンパク質,30
2,チャオ　すごい乳酸菌　クランキー　超小粒　チキン味,脂質,12
3,チャオ　すごい乳酸菌　クランキー　超小粒　チキン味,粗繊維,3
4,チャオ　すごい乳酸菌　クランキー　超小粒　チキン味,灰分,9
5,チャオ　すごい乳酸菌　クランキー　超小粒　チキン味,水分,10
6,チャオ　すごい乳酸菌　クランキー　超小粒　かつお節味,タンパク質,30
7,チャオ　すごい乳酸菌　クランキー　超小粒　かつお節味,脂質,12
8,チャオ　すごい乳酸菌　クランキー　超小粒　かつお節味,粗繊維,3
9,チャオ　すごい乳酸菌　クランキー　超小粒　かつお節味,灰分,9
10,チャオ　すごい乳酸菌　クランキー　超小粒　かつお節味,水分,10
11,チャオ　すごい乳酸菌　クランキー　超小粒　まぐろ節味,タンパク質,30
12,チャオ　すごい乳酸菌　クランキー　超小粒　まぐろ節味,脂質,12
13,チャオ　すごい乳酸菌　クランキー　超小粒　まぐろ節味,粗繊維,3
14,チャオ　すごい乳酸菌　クランキー　超小粒　まぐろ節味,灰分,9
15,チャオ　すごい乳酸菌　クランキー　超小粒　まぐろ節味,水分,10
16,チャオ　ちゅ～る和え　190g　まぐろ節ミックス味　小魚入り,タンパク質,30
17,チャオ　ちゅ～る和え　190g　まぐろ節ミックス味　小魚入り,脂質,12
18,チャオ　ちゅ～る和え　190g　まぐろ節ミックス味　小魚入り,粗繊維,3
19,チャオ　ちゅ～る和え　190g　まぐろ節ミックス味　小魚入り,灰分,9
20,チャオ　ちゅ～る和え　190g　まぐろ節ミックス味　小魚入り,水分,10
21,チャオ　ちゅ～る和え　190g　チキンミックス味　まぐろチップ入り,タンパク質,30
22,チャオ　ちゅ～る和え　190g　チキンミックス味　まぐろチップ入り,脂質,12
23,チャオ　ちゅ～る和え　190g　チキンミックス味　まぐろチップ入り,粗繊維,3
24,チャオ　ちゅ～る和え　190g　チキンミックス味　まぐろチップ入り,灰分,9
25,チャオ　ちゅ～る和え　190g　チキンミックス味　まぐろチップ入り,水分,10
26,チャオ　クランキー　ちゅ～る和え　190ｇかつお節ミックス味,タンパク質,30
27,チャオ　クランキー　ちゅ～る和え　190ｇかつお節ミックス味,脂質,12
28,チャオ　クランキー　ちゅ～る和え　190ｇかつお節ミックス味,粗繊維,3
29,チャオ　クランキー　ちゅ～る和え　190ｇかつお節ミックス味,灰分,9
30,チャオ　クランキー　ちゅ～る和え　190ｇかつお節ミックス味,水分,10
31,チャオ　ちゅ～る和え　190ｇまぐろ節ミックス味,タンパク質,30
32,チャオ　ちゅ～る和え　190ｇまぐろ節ミックス味,脂質,12
33,チャオ　ちゅ～る和え　190ｇまぐろ節ミックス味,粗繊維,3
34,チャオ　ちゅ～る和え　190ｇまぐろ節ミックス味,灰分,9
35,チャオ　ちゅ～る和え　190ｇまぐろ節ミックス味,水分,10
36,チャオ　すごい乳酸菌　クランキー　子ねこ用　まぐろ節味,タンパク質,30
37,チャオ　すごい乳酸菌　クランキー　子ねこ用　まぐろ節味,脂質,12
38,チャオ　すごい乳酸菌　クランキー　子ねこ用　まぐろ節味,粗繊維,8
39,チャオ　すごい乳酸菌　クランキー　子ねこ用　まぐろ節味,灰分,9
40,チャオ　すごい乳酸菌　クランキー　子ねこ用　まぐろ節味,水分,10
41,チャオ　すごい乳酸菌　クランキー　本格鰹だし味,タンパク質,30
42,チャオ　すごい乳酸菌　クランキー　本格鰹だし味,脂質,12
43,チャオ　すごい乳酸菌　クランキー　本格鰹だし味,粗繊維,8
44,チャオ　すごい乳酸菌　クランキー　本格鰹だし味,灰分,9
45,チャオ　すごい乳酸菌　クランキー　本格鰹だし味,水分,10
46,チャオ　すごい乳酸菌　クランキー　ほたて味,タンパク質,30
47,チャオ　すごい乳酸菌　クランキー　ほたて味,脂質,12
48,チャオ　すごい乳酸菌　クランキー　ほたて味,粗繊維,8
49,チャオ　すごい乳酸菌　クランキー　ほたて味,灰分,9
50,チャオ　すごい乳酸菌　クランキー　ほたて味,水分,10
51,チャオ　すごい乳酸菌　クランキー　チキン味,タンパク質,30
52,チャオ　すごい乳酸菌　クランキー　チキン味,脂質,12
53,チャオ　すごい乳酸菌　クランキー　チキン味,粗繊維,8
54,チャオ　すごい乳酸菌　クランキー　チキン味,灰分,9
55,チャオ　すごい乳酸菌　クランキー　チキン味,水分,10
56,チャオ　すごい乳酸菌　クランキー　かつお節味,タンパク質,30
57,チャオ　すごい乳酸菌　クランキー　かつお節味,脂質,12
58,チャオ　すごい乳酸菌　クランキー　かつお節味,粗繊維,8
59,チャオ　すごい乳酸菌　クランキー　かつお節味,灰分,9
60,チャオ　すごい乳酸菌　クランキー　かつお節味,水分,10
61,チャオ　すごい乳酸菌　クランキー　まぐろ節味,タンパク質,30
62,チャオ　すごい乳酸菌　クランキー　まぐろ節味,脂質,12
63,チャオ　すごい乳酸菌　クランキー　まぐろ節味,粗繊維,8
64,チャオ　すごい乳酸菌　クランキー　まぐろ節味,灰分,9
65,チャオ　すごい乳酸菌　クランキー　まぐろ節味,水分,10
66,チャオ　Cozy　Life（コージーライフ）　クランキー　子ねこ用　まぐろ節味,タンパク質,30
67,チャオ　Cozy　Life（コージーライフ）　クランキー　子ねこ用　まぐろ節味,脂質,12
68,チャオ　Cozy　Life（コージーライフ）　クランキー　子ねこ用　まぐろ節味,粗繊維,3
69,チャオ　Cozy　Life（コージーライフ）　クランキー　子ねこ用　まぐろ節味,灰分,9
70,チャオ　Cozy　Life（コージーライフ）　クランキー　子ねこ用　まぐろ節味,水分,10
71,チャオ　Cozy　Life（コージーライフ）　クランキー　本格鰹だし味,タンパク質,30
72,チャオ　Cozy　Life（コージーライフ）　クランキー　本格鰹だし味,脂質,12
73,チャオ　Cozy　Life（コージーライフ）　クランキー　本格鰹だし味,粗繊維,3
74,チャオ　Cozy　Life（コージーライフ）　クランキー　本格鰹だし味,灰分,9
75,チャオ　Cozy　Life（コージーライフ）　クランキー　本格鰹だし味,水分,10
76,チャオ　Cozy　Life（コージーライフ）　クランキー　ほたて味,タンパク質,30
77,チャオ　Cozy　Life（コージーライフ）　クランキー　ほたて味,脂質,12
78,チャオ　Cozy　Life（コージーライフ）　クランキー　ほたて味,粗繊維,3
79,チャオ　Cozy　Life（コージーライフ）　クランキー　ほたて味,灰分,9
80,チャオ　Cozy　Life（コージーライフ）　クランキー　ほたて味,水分,10
81,チャオ　Cozy　Life（コージーライフ）　クランキー　チキン味,タンパク質,30
82,チャオ　Cozy　Life（コージーライフ）　クランキー　チキン味,脂質,12
83,チャオ　Cozy　Life（コージーライフ）　クランキー　チキン味,粗繊維,3
84,チャオ　Cozy　Life（コージーライフ）　クランキー　チキン味,灰分,9
85,チャオ　Cozy　Life（コージーライフ）　クランキー　チキン味,水分,10
86,チャオ　Cozy　Life（コージーライフ）　クランキー　かつお節味,タンパク質,30
87,チャオ　Cozy　Life（コージーライフ）　クランキー　かつお節味,脂質,12
88,チャオ　Cozy　Life（コージーライフ）　クランキー　かつお節味,粗繊維,3
89,チャオ　Cozy　Life（コージーライフ）　クランキー　かつお節味,灰分,9
90,チャオ　Cozy　Life（コージーライフ）　クランキー　かつお節味,水分,10
91,チャオ　Cozy　Life（コージーライフ）　クランキー　まぐろ節味,タンパク質,30
92,チャオ　Cozy　Life（コージーライフ）　クランキー　まぐろ節味,脂質,12
93,チャオ　Cozy　Life（コージーライフ）　クランキー　まぐろ節味,粗繊維,3
94,チャオ　Cozy　Life（コージーライフ）　クランキー　まぐろ節味,灰分,9
95,チャオ　Cozy　Life（コージーライフ）　クランキー　まぐろ節味,水分,10
96,いなば　金のだし　ドライ　かつおだし味,タンパク質,28
97,いなば　金のだし　ドライ　かつおだし味,脂質,8.5
98,いなば　金のだし　ドライ　かつおだし味,粗繊維,4.5
99,いなば　金のだし　ドライ　かつおだし味,灰分,9
100,いなば　金のだし　ドライ　かつおだし味,水分,10
101,いなば　金のだし　ドライ　まぐろだし味,タンパク質,28
102,いなば　金のだし　ドライ　まぐろだし味,脂質,8.5
103,いなば　金のだし　ドライ　まぐろだし味,粗繊維,4.5
104,いなば　金のだし　ドライ　まぐろだし味,灰分,9
105,いなば　金のだし　ドライ　まぐろだし味,水分,10
106,チャオ　Cozy　Life（コージーライフ）　クランキー　BOX　まぐろ・チキンバラエティ,タンパク質,30
107,チャオ　Cozy　Life（コージーライフ）　クランキー　BOX　まぐろ・チキンバラエティ,脂質,12
108,チャオ　Cozy　Life（コージーライフ）　クランキー　BOX　まぐろ・チキンバラエティ,粗繊維,3
109,チャオ　Cozy　Life（コージーライフ）　クランキー　BOX　まぐろ・チキンバラエティ,灰分,9
110,チャオ　Cozy　Life（コージーライフ）　クランキー　BOX　まぐろ・チキンバラエティ,水分,10
111,チャオ　Cozy　Life（コージーライフ）　クランキー　BOX　まぐろ節・かつお節バラエティ,タンパク質,30
112,チャオ　Cozy　Life（コージーライフ）　クランキー　BOX　まぐろ節・かつお節バラエティ,脂質,12
113,チャオ　Cozy　Life（コージーライフ）　クランキー　BOX　まぐろ節・かつお節バラエティ,粗繊維,3
114,チャオ　Cozy　Life（コージーライフ）　クランキー　BOX　まぐろ節・かつお節バラエティ,灰分,9
115,チャオ　Cozy　Life（コージーライフ）　クランキー　BOX　まぐろ節・かつお節バラエティ,水分,10
116,チャオ　Cozy　Life（コージーライフ）　クランキー　BOX　チキンミックス味,タンパク質,30
117,チャオ　Cozy　Life（コージーライフ）　クランキー　BOX　チキンミックス味,脂質,12
118,チャオ　Cozy　Life（コージーライフ）　クランキー　BOX　チキンミックス味,粗繊維,3
119,チャオ　Cozy　Life（コージーライフ）　クランキー　BOX　チキンミックス味,灰分,9
120,チャオ　Cozy　Life（コージーライフ）　クランキー　BOX　チキンミックス味,水分,10
121,チャオ　Cozy　Life（コージーライフ）　クランキー　BOX　まぐろ節ミックス味,タンパク質,30
122,チャオ　Cozy　Life（コージーライフ）　クランキー　BOX　まぐろ節ミックス味,脂質,12
123,チャオ　Cozy　Life（コージーライフ）　クランキー　BOX　まぐろ節ミックス味,粗繊維,3
124,チャオ　Cozy　Life（コージーライフ）　クランキー　BOX　まぐろ節ミックス味,灰分,9
125,チャオ　Cozy　Life（コージーライフ）　クランキー　BOX　まぐろ節ミックス味,水分,10
126,チャオ　すごいカテキン　クランキー　まぐろ節・かつお節バラエティ,タンパク質,30
127,チャオ　すごいカテキン　クランキー　まぐろ節・かつお節バラエティ,脂質,12
128,チャオ　すごいカテキン　クランキー　まぐろ節・かつお節バラエティ,粗繊維,3
129,チャオ　すごいカテキン　クランキー　まぐろ節・かつお節バラエティ,灰分,9
130,チャオ　すごいカテキン　クランキー　まぐろ節・かつお節バラエティ,水分,10
131,チャオ　すごいカテキン　クランキー　チキンバラエティ,タンパク質,30
132,チャオ　すごいカテキン　クランキー　チキンバラエティ,脂質,12
133,チャオ　すごいカテキン　クランキー　チキンバラエティ,粗繊維,3
134,チャオ　すごいカテキン　クランキー　チキンバラエティ,灰分,9
135,チャオ　すごいカテキン　クランキー　チキンバラエティ,水分,10
136,チャオ　すごいカテキン　クランキー　かつお節バラエティ,タンパク質,30
137,チャオ　すごいカテキン　クランキー　かつお節バラエティ,脂質,12
138,チャオ　すごいカテキン　クランキー　かつお節バラエティ,粗繊維,3
139,チャオ　すごいカテキン　クランキー　かつお節バラエティ,灰分,9
140,チャオ　すごいカテキン　クランキー　かつお節バラエティ,水分,10
141,チャオ　すごいカテキン　クランキー　まぐろ節バラエティ,タンパク質,30
142,チャオ　すごいカテキン　クランキー　まぐろ節バラエティ,脂質,12
143,チャオ　すごいカテキン　クランキー　まぐろ節バラエティ,粗繊維,3
144,チャオ　すごいカテキン　クランキー　まぐろ節バラエティ,灰分,9
145,チャオ　すごいカテキン　クランキー　まぐろ節バラエティ,水分,10
146,チャオ　すごい乳酸菌　すごい乳酸菌クランキー　シーフードバラエティ,タンパク質,30
147,チャオ　すごい乳酸菌　すごい乳酸菌クランキー　シーフードバラエティ,脂質,12
148,チャオ　すごい乳酸菌　すごい乳酸菌クランキー　シーフードバラエティ,粗繊維,3
149,チャオ　すごい乳酸菌　すごい乳酸菌クランキー　シーフードバラエティ,灰分,9
150,チャオ　すごい乳酸菌　すごい乳酸菌クランキー　シーフードバラエティ,水分,10
151,チャオ　すごい乳酸菌　すごい乳酸菌クランキー　まぐろ節・かつお節バラエティ,タンパク質,30
152,チャオ　すごい乳酸菌　すごい乳酸菌クランキー　まぐろ節・かつお節バラエティ,脂質,12
153,チャオ　すごい乳酸菌　すごい乳酸菌クランキー　まぐろ節・かつお節バラエティ,粗繊維,3
154,チャオ　すごい乳酸菌　すごい乳酸菌クランキー　まぐろ節・かつお節バラエティ,灰分,9
155,チャオ　すごい乳酸菌　すごい乳酸菌クランキー　まぐろ節・かつお節バラエティ,水分,10
156,チャオ　すごい乳酸菌　すごい乳酸菌クランキー　チキンバラエティ,タンパク質,30
157,チャオ　すごい乳酸菌　すごい乳酸菌クランキー　チキンバラエティ,脂質,12
158,チャオ　すごい乳酸菌　すごい乳酸菌クランキー　チキンバラエティ,粗繊維,3
159,チャオ　すごい乳酸菌　すごい乳酸菌クランキー　チキンバラエティ,灰分,9
160,チャオ　すごい乳酸菌　すごい乳酸菌クランキー　チキンバラエティ,水分,10
161,チャオ　すごい乳酸菌　すごい乳酸菌クランキー　かつお節バラエティ,タンパク質,30
162,チャオ　すごい乳酸菌　すごい乳酸菌クランキー　かつお節バラエティ,脂質,12
163,チャオ　すごい乳酸菌　すごい乳酸菌クランキー　かつお節バラエティ,粗繊維,3
164,チャオ　すごい乳酸菌　すごい乳酸菌クランキー　かつお節バラエティ,灰分,9
165,チャオ　すごい乳酸菌　すごい乳酸菌クランキー　かつお節バラエティ,水分,10
166,チャオ　すごい乳酸菌　すごい乳酸菌クランキー　まぐろ節バラエティ,タンパク質,30
167,チャオ　すごい乳酸菌　すごい乳酸菌クランキー　まぐろ節バラエティ,脂質,12
168,チャオ　すごい乳酸菌　すごい乳酸菌クランキー　まぐろ節バラエティ,粗繊維,3
169,チャオ　すごい乳酸菌　すごい乳酸菌クランキー　まぐろ節バラエティ,灰分,9
170,チャオ　すごい乳酸菌　すごい乳酸菌クランキー　まぐろ節バラエティ,水分,10
171,チャオ　すごい乳酸菌　すごい乳酸菌クランキー　子ねこ用　まぐろ節ミックス味,タンパク質,30
172,チャオ　すごい乳酸菌　すごい乳酸菌クランキー　子ねこ用　まぐろ節ミックス味,脂質,12
173,チャオ　すごい乳酸菌　すごい乳酸菌クランキー　子ねこ用　まぐろ節ミックス味,粗繊維,3
174,チャオ　すごい乳酸菌　すごい乳酸菌クランキー　子ねこ用　まぐろ節ミックス味,灰分,9
175,チャオ　すごい乳酸菌　すごい乳酸菌クランキー　子ねこ用　まぐろ節ミックス味,水分,10
176,チャオ　すごい乳酸菌　すごい乳酸菌クランキー　本格鰹だし味,タンパク質,30
177,チャオ　すごい乳酸菌　すごい乳酸菌クランキー　本格鰹だし味,脂質,12
178,チャオ　すごい乳酸菌　すごい乳酸菌クランキー　本格鰹だし味,粗繊維,3
179,チャオ　すごい乳酸菌　すごい乳酸菌クランキー　本格鰹だし味,灰分,9
180,チャオ　すごい乳酸菌　すごい乳酸菌クランキー　本格鰹だし味,水分,10
181,チャオ　すごい乳酸菌　すごい乳酸菌クランキー　かつお節ミックス味,タンパク質,30
182,チャオ　すごい乳酸菌　すごい乳酸菌クランキー　かつお節ミックス味,脂質,12
183,チャオ　すごい乳酸菌　すごい乳酸菌クランキー　かつお節ミックス味,粗繊維,3
184,チャオ　すごい乳酸菌　すごい乳酸菌クランキー　かつお節ミックス味,灰分,9
185,チャオ　すごい乳酸菌　すごい乳酸菌クランキー　かつお節ミックス味,水分,10
186,チャオ　すごい乳酸菌　すごい乳酸菌クランキー　まぐろ節ミックス味,タンパク質,30
187,チャオ　すごい乳酸菌　すごい乳酸菌クランキー　まぐろ節ミックス味,脂質,12
188,チャオ　すごい乳酸菌　すごい乳酸菌クランキー　まぐろ節ミックス味,粗繊維,3
189,チャオ　すごい乳酸菌　すごい乳酸菌クランキー　まぐろ節ミックス味,灰分,9
190,チャオ　すごい乳酸菌　すごい乳酸菌クランキー　まぐろ節ミックス味,水分,10
191,チャオ　すごい乳酸菌　クランキー牛乳パック　チキン味,タンパク質,30
192,チャオ　すごい乳酸菌　クランキー牛乳パック　チキン味,脂質,12
193,チャオ　すごい乳酸菌　クランキー牛乳パック　チキン味,粗繊維,3
194,チャオ　すごい乳酸菌　クランキー牛乳パック　チキン味,灰分,9
195,チャオ　すごい乳酸菌　クランキー牛乳パック　チキン味,水分,10
196,チャオ　すごい乳酸菌　クランキー牛乳パック　ほたて味,タンパク質,30
197,チャオ　すごい乳酸菌　クランキー牛乳パック　ほたて味,脂質,12
198,チャオ　すごい乳酸菌　クランキー牛乳パック　ほたて味,粗繊維,3
199,チャオ　すごい乳酸菌　クランキー牛乳パック　ほたて味,灰分,9
200,チャオ　すごい乳酸菌　クランキー牛乳パック　ほたて味,水分,10
201,チャオ　すごい乳酸菌　クランキー牛乳パック　かつお節味,タンパク質,30
202,チャオ　すごい乳酸菌　クランキー牛乳パック　かつお節味,脂質,12
203,チャオ　すごい乳酸菌　クランキー牛乳パック　かつお節味,粗繊維,3
204,チャオ　すごい乳酸菌　クランキー牛乳パック　かつお節味,灰分,9
205,チャオ　すごい乳酸菌　クランキー牛乳パック　かつお節味,水分,10
206,チャオ　すごい乳酸菌　クランキー牛乳パック　まぐろ節味,タンパク質,30
207,チャオ　すごい乳酸菌　クランキー牛乳パック　まぐろ節味,脂質,12
208,チャオ　すごい乳酸菌　クランキー牛乳パック　まぐろ節味,粗繊維,3
209,チャオ　すごい乳酸菌　クランキー牛乳パック　まぐろ節味,灰分,9
210,チャオ　すごい乳酸菌　クランキー牛乳パック　まぐろ節味,水分,10
211,チャオ　クランキー　500gかつお節入り　チキンミックス味,タンパク質,30
212,チャオ　クランキー　500gかつお節入り　チキンミックス味,脂質,12
213,チャオ　クランキー　500gかつお節入り　チキンミックス味,粗繊維,3
214,チャオ　クランキー　500gかつお節入り　チキンミックス味,灰分,9
215,チャオ　クランキー　500gかつお節入り　チキンミックス味,水分,10
216,チャオ　すごい乳酸菌　クランキー　500gかつお節入り　かつおミックス味,タンパク質,30
217,チャオ　すごい乳酸菌　クランキー　500gかつお節入り　かつおミックス味,脂質,12
218,チャオ　すごい乳酸菌　クランキー　500gかつお節入り　かつおミックス味,粗繊維,3
219,チャオ　すごい乳酸菌　クランキー　500gかつお節入り　かつおミックス味,灰分,9
220,チャオ　すごい乳酸菌　クランキー　500gかつお節入り　かつおミックス味,水分,10
221,チャオ　すごい乳酸菌　クランキー　500gかつお節入り　まぐろミックス味,タンパク質,30
222,チャオ　すごい乳酸菌　クランキー　500gかつお節入り　まぐろミックス味,脂質,12
223,チャオ　すごい乳酸菌　クランキー　500gかつお節入り　まぐろミックス味,粗繊維,3
224,チャオ　すごい乳酸菌　クランキー　500gかつお節入り　まぐろミックス味,灰分,9
225,チャオ　すごい乳酸菌　クランキー　500gかつお節入り　まぐろミックス味,水分,10
226,ビューティープロ　キャット　子猫用　１２ヵ月頃まで,タンパク質,40
227,ビューティープロ　キャット　子猫用　１２ヵ月頃まで,脂質,13
228,ビューティープロ　キャット　子猫用　１２ヵ月頃まで,粗繊維,2.5
229,ビューティープロ　キャット　子猫用　１２ヵ月頃まで,灰分,7.5
230,ビューティープロ　キャット　子猫用　１２ヵ月頃まで,水分,10
231,ビューティープロ　キャット　成猫用　１歳から,タンパク質,35
232,ビューティープロ　キャット　成猫用　１歳から,脂質,10.1
233,ビューティープロ　キャット　成猫用　１歳から,粗繊維,4.5
234,ビューティープロ　キャット　成猫用　１歳から,灰分,9
235,ビューティープロ　キャット　成猫用　１歳から,水分,10
236,ビューティープロ　キャット　成猫用　１歳から　チキン味,タンパク質,35
237,ビューティープロ　キャット　成猫用　１歳から　チキン味,脂質,10.1
238,ビューティープロ　キャット　成猫用　１歳から　チキン味,粗繊維,4.5
239,ビューティープロ　キャット　成猫用　１歳から　チキン味,灰分,9
240,ビューティープロ　キャット　成猫用　１歳から　チキン味,水分,10
241,ビューティープロ　キャット　避妊・去勢後用,タンパク質,35
242,ビューティープロ　キャット　避妊・去勢後用,脂質,8.1
243,ビューティープロ　キャット　避妊・去勢後用,粗繊維,5.5
244,ビューティープロ　キャット　避妊・去勢後用,灰分,9
245,ビューティープロ　キャット　避妊・去勢後用,水分,10
246,ビューティープロ　キャット　下部尿路の健康維持　１歳から,タンパク質,35
247,ビューティープロ　キャット　下部尿路の健康維持　１歳から,脂質,10.1
248,ビューティープロ　キャット　下部尿路の健康維持　１歳から,粗繊維,4.5
249,ビューティープロ　キャット　下部尿路の健康維持　１歳から,灰分,9
250,ビューティープロ　キャット　下部尿路の健康維持　１歳から,水分,10
251,ビューティープロ　キャット　下部尿路の健康維持　１歳から　チキン味,タンパク質,35
252,ビューティープロ　キャット　下部尿路の健康維持　１歳から　チキン味,脂質,10.1
253,ビューティープロ　キャット　下部尿路の健康維持　１歳から　チキン味,粗繊維,4.5
254,ビューティープロ　キャット　下部尿路の健康維持　１歳から　チキン味,灰分,9
255,ビューティープロ　キャット　下部尿路の健康維持　１歳から　チキン味,水分,10
256,ビューティープロ　キャット　下部尿路の健康維持　１１歳以上,タンパク質,32
257,ビューティープロ　キャット　下部尿路の健康維持　１１歳以上,脂質,8.5
258,ビューティープロ　キャット　下部尿路の健康維持　１１歳以上,粗繊維,4.5
259,ビューティープロ　キャット　下部尿路の健康維持　１１歳以上,灰分,9
260,ビューティープロ　キャット　下部尿路の健康維持　１１歳以上,水分,10
261,ビューティープロ　キャット　下部尿路の健康維持　低脂肪　１歳から,タンパク質,35
262,ビューティープロ　キャット　下部尿路の健康維持　低脂肪　１歳から,脂質,8.1
263,ビューティープロ　キャット　下部尿路の健康維持　低脂肪　１歳から,粗繊維,5.5
264,ビューティープロ　キャット　下部尿路の健康維持　低脂肪　１歳から,灰分,9
265,ビューティープロ　キャット　下部尿路の健康維持　低脂肪　１歳から,水分,10
266,ビューティープロ　キャット　下部尿路の健康維持　低脂肪　１歳から　チキン味,タンパク質,35
267,ビューティープロ　キャット　下部尿路の健康維持　低脂肪　１歳から　チキン味,脂質,8.1
268,ビューティープロ　キャット　下部尿路の健康維持　低脂肪　１歳から　チキン味,粗繊維,5.5
269,ビューティープロ　キャット　下部尿路の健康維持　低脂肪　１歳から　チキン味,灰分,9
270,ビューティープロ　キャット　下部尿路の健康維持　低脂肪　１歳から　チキン味,水分,10
271,ビューティープロ　キャット　腎臓の健康維持　８歳以上,タンパク質,30
272,ビューティープロ　キャット　腎臓の健康維持　８歳以上,脂質,8.5
273,ビューティープロ　キャット　腎臓の健康維持　８歳以上,粗繊維,4.5
274,ビューティープロ　キャット　腎臓の健康維持　８歳以上,灰分,9
275,ビューティープロ　キャット　腎臓の健康維持　８歳以上,水分,10
276,ビューティープロ　キャット　腎臓の健康維持　１５歳以上,タンパク質,29
277,ビューティープロ　キャット　腎臓の健康維持　１５歳以上,脂質,10
278,ビューティープロ　キャット　腎臓の健康維持　１５歳以上,粗繊維,4.5
279,ビューティープロ　キャット　腎臓の健康維持　１５歳以上,灰分,9
280,ビューティープロ　キャット　腎臓の健康維持　１５歳以上,水分,10
281,コンボ　キャット　シーフードアソート,タンパク質,29
282,コンボ　キャット　シーフードアソート,脂質,9
283,コンボ　キャット　シーフードアソート,粗繊維,3
284,コンボ　キャット　シーフードアソート,灰分,9
285,コンボ　キャット　シーフードアソート,水分,10
286,コンボ　キャット　かつお節入りアソート,タンパク質,29
287,コンボ　キャット　かつお節入りアソート,脂質,9
288,コンボ　キャット　かつお節入りアソート,粗繊維,3
289,コンボ　キャット　かつお節入りアソート,灰分,9
290,コンボ　キャット　かつお節入りアソート,水分,10
291,コンボ　キャット　下部尿路の健康維持アソート,タンパク質,29
292,コンボ　キャット　下部尿路の健康維持アソート,脂質,9
293,コンボ　キャット　下部尿路の健康維持アソート,粗繊維,4.5
294,コンボ　キャット　下部尿路の健康維持アソート,灰分,9
295,コンボ　キャット　下部尿路の健康維持アソート,水分,10
296,コンボ　キャット　毛玉対応アソート,タンパク質,28.5
297,コンボ　キャット　毛玉対応アソート,脂質,9
298,コンボ　キャット　毛玉対応アソート,粗繊維,4.5
299,コンボ　キャット　毛玉対応アソート,灰分,9
300,コンボ　キャット　毛玉対応アソート,水分,10
301,コンボ　キャット　１１歳以上　毛玉対応アソート,タンパク質,27.5
302,コンボ　キャット　１１歳以上　毛玉対応アソート,脂質,8.5
303,コンボ　キャット　１１歳以上　毛玉対応アソート,粗繊維,4.5
304,コンボ　キャット　１１歳以上　毛玉対応アソート,灰分,9
305,コンボ　キャット　１１歳以上　毛玉対応アソート,水分,10
306,コンボ　キャット　１５歳以上　毛玉対応アソート,タンパク質,27.5
307,コンボ　キャット　１５歳以上　毛玉対応アソート,脂質,8.5
308,コンボ　キャット　１５歳以上　毛玉対応アソート,粗繊維,4.5
309,コンボ　キャット　１５歳以上　毛玉対応アソート,灰分,9
310,コンボ　キャット　１５歳以上　毛玉対応アソート,水分,10
311,コンボ　キャット　子ねこ用　ミルクチップ添え,タンパク質,32
312,コンボ　キャット　子ねこ用　ミルクチップ添え,脂質,10.5
313,コンボ　キャット　子ねこ用　ミルクチップ添え,粗繊維,2.5
314,コンボ　キャット　子ねこ用　ミルクチップ添え,灰分,8
315,コンボ　キャット　子ねこ用　ミルクチップ添え,水分,10
316,コンボ　キャット　まぐろ味・カニカマ・小魚添え,タンパク質,29
317,コンボ　キャット　まぐろ味・カニカマ・小魚添え,脂質,9
318,コンボ　キャット　まぐろ味・カニカマ・小魚添え,粗繊維,3
319,コンボ　キャット　まぐろ味・カニカマ・小魚添え,灰分,9
320,コンボ　キャット　まぐろ味・カニカマ・小魚添え,水分,10
321,コンボ　キャット　まぐろ味・かつお節・小魚添え,タンパク質,29
322,コンボ　キャット　まぐろ味・かつお節・小魚添え,脂質,9
323,コンボ　キャット　まぐろ味・かつお節・小魚添え,粗繊維,3
324,コンボ　キャット　まぐろ味・かつお節・小魚添え,灰分,9
325,コンボ　キャット　まぐろ味・かつお節・小魚添え,水分,10
326,コンボ　キャット　かつお味・鮭チップ・かつお節添え,タンパク質,29
327,コンボ　キャット　かつお味・鮭チップ・かつお節添え,脂質,9
328,コンボ　キャット　かつお味・鮭チップ・かつお節添え,粗繊維,3
329,コンボ　キャット　かつお味・鮭チップ・かつお節添え,灰分,9
330,コンボ　キャット　かつお味・鮭チップ・かつお節添え,水分,10
331,コンボ　キャット　まぐろ味・熟成かつお添え,タンパク質,29
332,コンボ　キャット　まぐろ味・熟成かつお添え,脂質,9
333,コンボ　キャット　まぐろ味・熟成かつお添え,粗繊維,3
334,コンボ　キャット　まぐろ味・熟成かつお添え,灰分,9
335,コンボ　キャット　まぐろ味・熟成かつお添え,水分,10
336,コンボ　キャット　肥満が気になる猫用　まぐろ味・かつお節・小魚添え,タンパク質,29
337,コンボ　キャット　肥満が気になる猫用　まぐろ味・かつお節・小魚添え,脂質,8.1
338,コンボ　キャット　肥満が気になる猫用　まぐろ味・かつお節・小魚添え,粗繊維,4.5
339,コンボ　キャット　肥満が気になる猫用　まぐろ味・かつお節・小魚添え,灰分,9
340,コンボ　キャット　肥満が気になる猫用　まぐろ味・かつお節・小魚添え,水分,10
341,コンボ　キャット　下部尿路の健康維持,タンパク質,29
342,コンボ　キャット　下部尿路の健康維持,脂質,9
343,コンボ　キャット　下部尿路の健康維持,粗繊維,4.5
344,コンボ　キャット　下部尿路の健康維持,灰分,9
345,コンボ　キャット　下部尿路の健康維持,水分,10
346,コンボ　キャット　腎臓の健康維持,タンパク質,26.5
347,コンボ　キャット　腎臓の健康維持,脂質,9.5
348,コンボ　キャット　腎臓の健康維持,粗繊維,4.5
349,コンボ　キャット　腎臓の健康維持,灰分,9
350,コンボ　キャット　腎臓の健康維持,水分,10
351,コンボ　キャット　毛玉対応　まぐろ味・ささみチップ・かつお節添え,タンパク質,28.5
352,コンボ　キャット　毛玉対応　まぐろ味・ささみチップ・かつお節添え,脂質,9
353,コンボ　キャット　毛玉対応　まぐろ味・ささみチップ・かつお節添え,粗繊維,4.5
354,コンボ　キャット　毛玉対応　まぐろ味・ささみチップ・かつお節添え,灰分,9
355,コンボ　キャット　毛玉対応　まぐろ味・ささみチップ・かつお節添え,水分,10
356,コンボ　キャット　毛玉対応　かつお味・かつおチップ・小魚添え,タンパク質,28.5
357,コンボ　キャット　毛玉対応　かつお味・かつおチップ・小魚添え,脂質,9
358,コンボ　キャット　毛玉対応　かつお味・かつおチップ・小魚添え,粗繊維,4.5
359,コンボ　キャット　毛玉対応　かつお味・かつおチップ・小魚添え,灰分,9
360,コンボ　キャット　毛玉対応　かつお味・かつおチップ・小魚添え,水分,10
361,コンボ　キャット　毛玉対応１１歳以上　かつお味・かつおチップ・かつお節添え,タンパク質,27.5
362,コンボ　キャット　毛玉対応１１歳以上　かつお味・かつおチップ・かつお節添え,脂質,8.5
363,コンボ　キャット　毛玉対応１１歳以上　かつお味・かつおチップ・かつお節添え,粗繊維,4.5
364,コンボ　キャット　毛玉対応１１歳以上　かつお味・かつおチップ・かつお節添え,灰分,9
365,コンボ　キャット　毛玉対応１１歳以上　かつお味・かつおチップ・かつお節添え,水分,10
366,コンボ　キャット　毛玉対応１５歳以上　かつお味・焼きタラチップ・ちりめん添え,タンパク質,27.5
367,コンボ　キャット　毛玉対応１５歳以上　かつお味・焼きタラチップ・ちりめん添え,脂質,8.5
368,コンボ　キャット　毛玉対応１５歳以上　かつお味・焼きタラチップ・ちりめん添え,粗繊維,4.5
369,コンボ　キャット　毛玉対応１５歳以上　かつお味・焼きタラチップ・ちりめん添え,灰分,9
370,コンボ　キャット　毛玉対応１５歳以上　かつお味・焼きタラチップ・ちりめん添え,水分,10
371,コンボ　ピュア　キャット　まぐろ味・鶏肉・かつお節添え,タンパク質,27
372,コンボ　ピュア　キャット　まぐろ味・鶏肉・かつお節添え,脂質,9
373,コンボ　ピュア　キャット　まぐろ味・鶏肉・かつお節添え,粗繊維,4.5
374,コンボ　ピュア　キャット　まぐろ味・鶏肉・かつお節添え,灰分,9
375,コンボ　ピュア　キャット　まぐろ味・鶏肉・かつお節添え,水分,10
376,コンボ　ピュア　キャット　まぐろ味・鶏肉・小魚添え,タンパク質,27
377,コンボ　ピュア　キャット　まぐろ味・鶏肉・小魚添え,脂質,9
378,コンボ　ピュア　キャット　まぐろ味・鶏肉・小魚添え,粗繊維,4.5
379,コンボ　ピュア　キャット　まぐろ味・鶏肉・小魚添え,灰分,9
380,コンボ　ピュア　キャット　まぐろ味・鶏肉・小魚添え,水分,10
381,コンボ　ピュア　キャット　まぐろ味・角切りまぐろ・かつお節添え,タンパク質,27
382,コンボ　ピュア　キャット　まぐろ味・角切りまぐろ・かつお節添え,脂質,9
383,コンボ　ピュア　キャット　まぐろ味・角切りまぐろ・かつお節添え,粗繊維,4.5
384,コンボ　ピュア　キャット　まぐろ味・角切りまぐろ・かつお節添え,灰分,9
385,コンボ　ピュア　キャット　まぐろ味・角切りまぐろ・かつお節添え,水分,10
386,コンボ　ピュア　キャット　避妊・去勢後用　まぐろ味・鶏肉・かつお節添え,タンパク質,27
387,コンボ　ピュア　キャット　避妊・去勢後用　まぐろ味・鶏肉・かつお節添え,脂質,8.1
388,コンボ　ピュア　キャット　避妊・去勢後用　まぐろ味・鶏肉・かつお節添え,粗繊維,4.5
389,コンボ　ピュア　キャット　避妊・去勢後用　まぐろ味・鶏肉・かつお節添え,灰分,9
390,コンボ　ピュア　キャット　避妊・去勢後用　まぐろ味・鶏肉・かつお節添え,水分,10
391,コンボ　ピュア　キャット　毛玉排出サポート　まぐろ味・鶏肉・かつお節添え,タンパク質,27
392,コンボ　ピュア　キャット　毛玉排出サポート　まぐろ味・鶏肉・かつお節添え,脂質,9
393,コンボ　ピュア　キャット　毛玉排出サポート　まぐろ味・鶏肉・かつお節添え,粗繊維,5.5
394,コンボ　ピュア　キャット　毛玉排出サポート　まぐろ味・鶏肉・かつお節添え,灰分,9
395,コンボ　ピュア　キャット　毛玉排出サポート　まぐろ味・鶏肉・かつお節添え,水分,10
396,コンボ　ピュア　キャット　１５歳以上用　まぐろ味・鶏肉・かつお節添え,タンパク質,26
397,コンボ　ピュア　キャット　１５歳以上用　まぐろ味・鶏肉・かつお節添え,脂質,9
398,コンボ　ピュア　キャット　１５歳以上用　まぐろ味・鶏肉・かつお節添え,粗繊維,3
399,コンボ　ピュア　キャット　１５歳以上用　まぐろ味・鶏肉・かつお節添え,灰分,9
400,コンボ　ピュア　キャット　１５歳以上用　まぐろ味・鶏肉・かつお節添え,水分,10
401,ラシーネ　日本猫,タンパク質,27
402,ラシーネ　日本猫,脂質,10.5
403,ラシーネ　日本猫,粗繊維,3
404,ラシーネ　日本猫,灰分,9
405,ラシーネ　日本猫,水分,10
406,ラシーネ　肥満が気になる日本猫,タンパク質,27
407,ラシーネ　肥満が気になる日本猫,脂質,9
408,ラシーネ　肥満が気になる日本猫,粗繊維,3
409,ラシーネ　肥満が気になる日本猫,灰分,9
410,ラシーネ　肥満が気になる日本猫,水分,10
411,ラシーネ　アメリカン・ショートヘア,タンパク質,32
412,ラシーネ　アメリカン・ショートヘア,脂質,8.5
413,ラシーネ　アメリカン・ショートヘア,粗繊維,3
414,ラシーネ　アメリカン・ショートヘア,灰分,9
415,ラシーネ　アメリカン・ショートヘア,水分,10
416,ラシーネ　スコティッシュ・フォールド,タンパク質,27
417,ラシーネ　スコティッシュ・フォールド,脂質,8.5
418,ラシーネ　スコティッシュ・フォールド,粗繊維,3
419,ラシーネ　スコティッシュ・フォールド,灰分,9
420,ラシーネ　スコティッシュ・フォールド,水分,10
421,ラシーネ　マンチカン,タンパク質,32
422,ラシーネ　マンチカン,脂質,8.5
423,ラシーネ　マンチカン,粗繊維,3
424,ラシーネ　マンチカン,灰分,9
425,ラシーネ　マンチカン,水分,10
426,ラシーネ　シャム,タンパク質,32
427,ラシーネ　シャム,脂質,8.5
428,ラシーネ　シャム,粗繊維,3
429,ラシーネ　シャム,灰分,9
430,ラシーネ　シャム,水分,10
431,ラシーネ　ロシアン・ブルー,タンパク質,32
432,ラシーネ　ロシアン・ブルー,脂質,8.5
433,ラシーネ　ロシアン・ブルー,粗繊維,4
434,ラシーネ　ロシアン・ブルー,灰分,9
435,ラシーネ　ロシアン・ブルー,水分,10
436,ラシーネ　ペルシャ,タンパク質,27
437,ラシーネ　ペルシャ,脂質,10.5
438,ラシーネ　ペルシャ,粗繊維,4
439,ラシーネ　ペルシャ,灰分,9
440,ラシーネ　ペルシャ,水分,10
441,ラシーネ　メイン・クーン,タンパク質,32
442,ラシーネ　メイン・クーン,脂質,8.5
443,ラシーネ　メイン・クーン,粗繊維,4
444,ラシーネ　メイン・クーン,灰分,9
445,ラシーネ　メイン・クーン,水分,10
446,ミオドライミックス　子ねこ用　お肉とお魚ミックス味,タンパク質,30
447,ミオドライミックス　子ねこ用　お肉とお魚ミックス味,脂質,11
448,ミオドライミックス　子ねこ用　お肉とお魚ミックス味,粗繊維,3
449,ミオドライミックス　子ねこ用　お肉とお魚ミックス味,灰分,9
450,ミオドライミックス　子ねこ用　お肉とお魚ミックス味,水分,10
451,ミオドライミックス　まぐろ味,タンパク質,27
452,ミオドライミックス　まぐろ味,脂質,8.5
453,ミオドライミックス　まぐろ味,粗繊維,3
454,ミオドライミックス　まぐろ味,灰分,9
455,ミオドライミックス　まぐろ味,水分,10
456,ミオドライミックス　かつお味,タンパク質,27
457,ミオドライミックス　かつお味,脂質,8.5
458,ミオドライミックス　かつお味,粗繊維,3
459,ミオドライミックス　かつお味,灰分,9
460,ミオドライミックス　かつお味,水分,10
461,ミオドライミックス　お肉とお魚ミックス味,タンパク質,27
462,ミオドライミックス　お肉とお魚ミックス味,脂質,8.5
463,ミオドライミックス　お肉とお魚ミックス味,粗繊維,3
464,ミオドライミックス　お肉とお魚ミックス味,灰分,9
465,ミオドライミックス　お肉とお魚ミックス味,水分,10
466,ミオドライミックス　毛玉対応　かつお味,タンパク質,27
467,ミオドライミックス　毛玉対応　かつお味,脂質,8.5
468,ミオドライミックス　毛玉対応　かつお味,粗繊維,4.5
469,ミオドライミックス　毛玉対応　かつお味,灰分,9
470,ミオドライミックス　毛玉対応　かつお味,水分,10
471,ミオドライミックス　毛玉対応　１１歳以上　かつお味,タンパク質,24
472,ミオドライミックス　毛玉対応　１１歳以上　かつお味,脂質,8.5
473,ミオドライミックス　毛玉対応　１１歳以上　かつお味,粗繊維,4.5
474,ミオドライミックス　毛玉対応　１１歳以上　かつお味,灰分,9
475,ミオドライミックス　毛玉対応　１１歳以上　かつお味,水分,10
476,モンプチ　バッグ　5種のフィッシュブレンド,タンパク質,31
477,モンプチ　バッグ　5種のフィッシュブレンド,脂質,11
478,モンプチ　バッグ　5種のフィッシュブレンド,粗繊維,5
479,モンプチ　バッグ　5種のフィッシュブレンド,灰分,9
480,モンプチ　バッグ　5種のフィッシュブレンド,水分,12
481,モンプチ　バッグ　5種のシーフードブレンド,タンパク質,31
482,モンプチ　バッグ　5種のシーフードブレンド,脂質,11
483,モンプチ　バッグ　5種のシーフードブレンド,粗繊維,5
484,モンプチ　バッグ　5種のシーフードブレンド,灰分,9
485,モンプチ　バッグ　5種のシーフードブレンド,水分,12
486,モンプチ　バッグ　毛玉ケア　5種のブレンド,タンパク質,32
487,モンプチ　バッグ　毛玉ケア　5種のブレンド,脂質,11
488,モンプチ　バッグ　毛玉ケア　5種のブレンド,粗繊維,7.5
489,モンプチ　バッグ　毛玉ケア　5種のブレンド,灰分,9
490,モンプチ　バッグ　毛玉ケア　5種のブレンド,水分,12
491,モンプチ　バッグ　5種のお腹にやさしいブレンド,タンパク質,31
492,モンプチ　バッグ　5種のお腹にやさしいブレンド,脂質,11
493,モンプチ　バッグ　5種のお腹にやさしいブレンド,粗繊維,5
494,モンプチ　バッグ　5種のお腹にやさしいブレンド,灰分,9
495,モンプチ　バッグ　5種のお腹にやさしいブレンド,水分,12
496,モンプチ　バッグ　5種の贅沢グリルブレンド,タンパク質,31
497,モンプチ　バッグ　5種の贅沢グリルブレンド,脂質,11
498,モンプチ　バッグ　5種の贅沢グリルブレンド,粗繊維,5
499,モンプチ　バッグ　5種の贅沢グリルブレンド,灰分,9
500,モンプチ　バッグ　5種の贅沢グリルブレンド,水分,12
501,モンプチ　バッグ　子ねこ　1歳まで　5種のブレンド,タンパク質,38
502,モンプチ　バッグ　子ねこ　1歳まで　5種のブレンド,脂質,15
503,モンプチ　バッグ　子ねこ　1歳まで　5種のブレンド,粗繊維,3.5
504,モンプチ　バッグ　子ねこ　1歳まで　5種のブレンド,灰分,9.5
505,モンプチ　バッグ　子ねこ　1歳まで　5種のブレンド,水分,12
506,モンプチ　バッグ　15歳以上用　5種のブレンド,タンパク質,34
507,モンプチ　バッグ　15歳以上用　5種のブレンド,脂質,12
508,モンプチ　バッグ　15歳以上用　5種のブレンド,粗繊維,3.5
509,モンプチ　バッグ　15歳以上用　5種のブレンド,灰分,8
510,モンプチ　バッグ　15歳以上用　5種のブレンド,水分,12
511,モンプチ　ボックス　7種のブレンド　（小魚入り）,タンパク質,31
512,モンプチ　ボックス　7種のブレンド　（小魚入り）,脂質,10.5
513,モンプチ　ボックス　7種のブレンド　（小魚入り）,粗繊維,5
514,モンプチ　ボックス　7種のブレンド　（小魚入り）,灰分,9
515,モンプチ　ボックス　7種のブレンド　（小魚入り）,水分,12
516,モンプチ　ボックス　7種のブレンド　（かつお節入り）,タンパク質,31
517,モンプチ　ボックス　7種のブレンド　（かつお節入り）,脂質,10.5
518,モンプチ　ボックス　7種のブレンド　（かつお節入り）,粗繊維,5
519,モンプチ　ボックス　7種のブレンド　（かつお節入り）,灰分,9
520,モンプチ　ボックス　7種のブレンド　（かつお節入り）,水分,12
521,モンプチ　ボックス　7種のブレンド　（しらす入り）,タンパク質,31
522,モンプチ　ボックス　7種のブレンド　（しらす入り）,脂質,10.5
523,モンプチ　ボックス　7種のブレンド　（しらす入り）,粗繊維,5
524,モンプチ　ボックス　7種のブレンド　（しらす入り）,灰分,9
525,モンプチ　ボックス　7種のブレンド　（しらす入り）,水分,12
526,モンプチ　ボックス　毛玉ケア　7種のブレンド　（かつお節入り）,タンパク質,32
527,モンプチ　ボックス　毛玉ケア　7種のブレンド　（かつお節入り）,脂質,10.5
528,モンプチ　ボックス　毛玉ケア　7種のブレンド　（かつお節入り）,粗繊維,7
529,モンプチ　ボックス　毛玉ケア　7種のブレンド　（かつお節入り）,灰分,9
530,モンプチ　ボックス　毛玉ケア　7種のブレンド　（かつお節入り）,水分,12
531,モンプチ　バッグ　ナチュラル　毛玉ケア　ターキー入りチキンの贅沢,タンパク質,34
532,モンプチ　バッグ　ナチュラル　毛玉ケア　ターキー入りチキンの贅沢,脂質,9
533,モンプチ　バッグ　ナチュラル　毛玉ケア　ターキー入りチキンの贅沢,粗繊維,5.1
534,モンプチ　バッグ　ナチュラル　毛玉ケア　ターキー入りチキンの贅沢,灰分,8.5
535,モンプチ　バッグ　ナチュラル　毛玉ケア　ターキー入りチキンの贅沢,水分,12
536,モンプチ　バッグ　ナチュラル　サーモン入りチキンの贅沢,タンパク質,34
537,モンプチ　バッグ　ナチュラル　サーモン入りチキンの贅沢,脂質,13
538,モンプチ　バッグ　ナチュラル　サーモン入りチキンの贅沢,粗繊維,3
539,モンプチ　バッグ　ナチュラル　サーモン入りチキンの贅沢,灰分,8.5
540,モンプチ　バッグ　ナチュラル　サーモン入りチキンの贅沢,水分,12
541,モンプチ　バッグ　ナチュラル　天然お魚の贅沢,タンパク質,34
542,モンプチ　バッグ　ナチュラル　天然お魚の贅沢,脂質,15
543,モンプチ　バッグ　ナチュラル　天然お魚の贅沢,粗繊維,3
544,モンプチ　バッグ　ナチュラル　天然お魚の贅沢,灰分,9
545,モンプチ　バッグ　ナチュラル　天然お魚の贅沢,水分,10
546,モンプチ　バッグ　ナチュラル　新鮮若鶏の贅沢,タンパク質,34
547,モンプチ　バッグ　ナチュラル　新鮮若鶏の贅沢,脂質,15
548,モンプチ　バッグ　ナチュラル　新鮮若鶏の贅沢,粗繊維,3
549,モンプチ　バッグ　ナチュラル　新鮮若鶏の贅沢,灰分,9
550,モンプチ　バッグ　ナチュラル　新鮮若鶏の贅沢,水分,10
551,モンプチ　バッグ　ナチュラル　白身魚とチキンの贅沢,タンパク質,34
552,モンプチ　バッグ　ナチュラル　白身魚とチキンの贅沢,脂質,15
553,モンプチ　バッグ　ナチュラル　白身魚とチキンの贅沢,粗繊維,3
554,モンプチ　バッグ　ナチュラル　白身魚とチキンの贅沢,灰分,9
555,モンプチ　バッグ　ナチュラル　白身魚とチキンの贅沢,水分,10
556,ピュリナワン　1歳までの子ねこ用／妊娠・授乳期の母猫用　チキン,タンパク質,39
557,ピュリナワン　1歳までの子ねこ用／妊娠・授乳期の母猫用　チキン,脂質,18
558,ピュリナワン　1歳までの子ねこ用／妊娠・授乳期の母猫用　チキン,粗繊維,3
559,ピュリナワン　1歳までの子ねこ用／妊娠・授乳期の母猫用　チキン,灰分,8.5
560,ピュリナワン　1歳までの子ねこ用／妊娠・授乳期の母猫用　チキン,水分,12
561,ピュリナワン　1歳以上　美味を求める成猫用　チキン,タンパク質,34
562,ピュリナワン　1歳以上　美味を求める成猫用　チキン,脂質,14
563,ピュリナワン　1歳以上　美味を求める成猫用　チキン,粗繊維,3
564,ピュリナワン　1歳以上　美味を求める成猫用　チキン,灰分,8.5
565,ピュリナワン　1歳以上　美味を求める成猫用　チキン,水分,12
566,ピュリナワン　1歳以上　美味を求める成猫用　サーモン&ツナ,タンパク質,34
567,ピュリナワン　1歳以上　美味を求める成猫用　サーモン&ツナ,脂質,14
568,ピュリナワン　1歳以上　美味を求める成猫用　サーモン&ツナ,粗繊維,3
569,ピュリナワン　1歳以上　美味を求める成猫用　サーモン&ツナ,灰分,8.5
570,ピュリナワン　1歳以上　美味を求める成猫用　サーモン&ツナ,水分,12
571,ピュリナワン　避妊・去勢後から全ての年齢に　避妊・去勢した猫の体重ケア　チキン,タンパク質,37
572,ピュリナワン　避妊・去勢後から全ての年齢に　避妊・去勢した猫の体重ケア　チキン,脂質,9
573,ピュリナワン　避妊・去勢後から全ての年齢に　避妊・去勢した猫の体重ケア　チキン,粗繊維,6
574,ピュリナワン　避妊・去勢後から全ての年齢に　避妊・去勢した猫の体重ケア　チキン,灰分,8.5
575,ピュリナワン　避妊・去勢後から全ての年齢に　避妊・去勢した猫の体重ケア　チキン,水分,12
576,ピュリナワン　避妊・去勢後から全ての年齢に　避妊・去勢した猫の体重ケア　サーモン&ツナ,タンパク質,37
577,ピュリナワン　避妊・去勢後から全ての年齢に　避妊・去勢した猫の体重ケア　サーモン&ツナ,脂質,9
578,ピュリナワン　避妊・去勢後から全ての年齢に　避妊・去勢した猫の体重ケア　サーモン&ツナ,粗繊維,6
579,ピュリナワン　避妊・去勢後から全ての年齢に　避妊・去勢した猫の体重ケア　サーモン&ツナ,灰分,8.5
580,ピュリナワン　避妊・去勢後から全ての年齢に　避妊・去勢した猫の体重ケア　サーモン&ツナ,水分,12
581,ピュリナワン　1歳以上　室内飼い猫用　インドアキャット　チキン,タンパク質,34
582,ピュリナワン　1歳以上　室内飼い猫用　インドアキャット　チキン,脂質,12
583,ピュリナワン　1歳以上　室内飼い猫用　インドアキャット　チキン,粗繊維,7
584,ピュリナワン　1歳以上　室内飼い猫用　インドアキャット　チキン,灰分,8.5
585,ピュリナワン　1歳以上　室内飼い猫用　インドアキャット　チキン,水分,12
586,ピュリナワン　1歳以上　室内飼い猫用　インドアキャット　サーモン&ツナ,タンパク質,34
587,ピュリナワン　1歳以上　室内飼い猫用　インドアキャット　サーモン&ツナ,脂質,12
588,ピュリナワン　1歳以上　室内飼い猫用　インドアキャット　サーモン&ツナ,粗繊維,7
589,ピュリナワン　1歳以上　室内飼い猫用　インドアキャット　サーモン&ツナ,灰分,8.5
590,ピュリナワン　1歳以上　室内飼い猫用　インドアキャット　サーモン&ツナ,水分,12
591,ピュリナワン　1歳以上　下部尿路の健康維持　F.L.U.T.H.ケア　チキン,タンパク質,34
592,ピュリナワン　1歳以上　下部尿路の健康維持　F.L.U.T.H.ケア　チキン,脂質,14
593,ピュリナワン　1歳以上　下部尿路の健康維持　F.L.U.T.H.ケア　チキン,粗繊維,3
594,ピュリナワン　1歳以上　下部尿路の健康維持　F.L.U.T.H.ケア　チキン,灰分,8.5
595,ピュリナワン　1歳以上　下部尿路の健康維持　F.L.U.T.H.ケア　チキン,水分,12
596,ピュリナワン　1歳以上　下部尿路の健康維持　F.L.U.T.H.ケア　サーモン&ツナ,タンパク質,34
597,ピュリナワン　1歳以上　下部尿路の健康維持　F.L.U.T.H.ケア　サーモン&ツナ,脂質,14
598,ピュリナワン　1歳以上　下部尿路の健康維持　F.L.U.T.H.ケア　サーモン&ツナ,粗繊維,3
599,ピュリナワン　1歳以上　下部尿路の健康維持　F.L.U.T.H.ケア　サーモン&ツナ,灰分,8.5
600,ピュリナワン　1歳以上　下部尿路の健康維持　F.L.U.T.H.ケア　サーモン&ツナ,水分,12
601,ピュリナワン　太りやすい猫用　1歳以上　メタボリック　エネルギーコントロール　チキン,タンパク質,37
602,ピュリナワン　太りやすい猫用　1歳以上　メタボリック　エネルギーコントロール　チキン,脂質,9
603,ピュリナワン　太りやすい猫用　1歳以上　メタボリック　エネルギーコントロール　チキン,粗繊維,6
604,ピュリナワン　太りやすい猫用　1歳以上　メタボリック　エネルギーコントロール　チキン,灰分,8.5
605,ピュリナワン　太りやすい猫用　1歳以上　メタボリック　エネルギーコントロール　チキン,水分,12
606,ピュリナワン　1歳から全ての年齢に　グレインフリー（穀物不使用）　チキン,タンパク質,35
607,ピュリナワン　1歳から全ての年齢に　グレインフリー（穀物不使用）　チキン,脂質,14
608,ピュリナワン　1歳から全ての年齢に　グレインフリー（穀物不使用）　チキン,粗繊維,2
609,ピュリナワン　1歳から全ての年齢に　グレインフリー（穀物不使用）　チキン,灰分,9
610,ピュリナワン　1歳から全ての年齢に　グレインフリー（穀物不使用）　チキン,水分,12
611,ピュリナワン　1歳から全ての年齢に　グレインフリー（穀物不使用）　白身魚,タンパク質,35
612,ピュリナワン　1歳から全ての年齢に　グレインフリー（穀物不使用）　白身魚,脂質,14
613,ピュリナワン　1歳から全ての年齢に　グレインフリー（穀物不使用）　白身魚,粗繊維,2
614,ピュリナワン　1歳から全ての年齢に　グレインフリー（穀物不使用）　白身魚,灰分,9
615,ピュリナワン　1歳から全ての年齢に　グレインフリー（穀物不使用）　白身魚,水分,12
616,ピュリナワン　7歳以上　健康マルチケア　チキン,タンパク質,37
617,ピュリナワン　7歳以上　健康マルチケア　チキン,脂質,11
618,ピュリナワン　7歳以上　健康マルチケア　チキン,粗繊維,6
619,ピュリナワン　7歳以上　健康マルチケア　チキン,灰分,8.5
620,ピュリナワン　7歳以上　健康マルチケア　チキン,水分,12
621,ピュリナワン　11歳以上　健康マルチケア　チキン,タンパク質,38
622,ピュリナワン　11歳以上　健康マルチケア　チキン,脂質,15
623,ピュリナワン　11歳以上　健康マルチケア　チキン,粗繊維,3
624,ピュリナワン　11歳以上　健康マルチケア　チキン,灰分,8.5
625,ピュリナワン　11歳以上　健康マルチケア　チキン,水分,12
626,ピュリナワン　15歳以上　健康マルチケア　チキン,タンパク質,38
627,ピュリナワン　15歳以上　健康マルチケア　チキン,脂質,17
628,ピュリナワン　15歳以上　健康マルチケア　チキン,粗繊維,3
629,ピュリナワン　15歳以上　健康マルチケア　チキン,灰分,8.5
630,ピュリナワン　15歳以上　健康マルチケア　チキン,水分,12
631,ピュリナワン　11歳以上　優しく腎臓の健康サポート　チキン,タンパク質,36
632,ピュリナワン　11歳以上　優しく腎臓の健康サポート　チキン,脂質,13
633,ピュリナワン　11歳以上　優しく腎臓の健康サポート　チキン,粗繊維,4
634,ピュリナワン　11歳以上　優しく腎臓の健康サポート　チキン,灰分,9
635,ピュリナワン　11歳以上　優しく腎臓の健康サポート　チキン,水分,12
636,ピュリナ　プロプラン　6ヶ月までの子猫用　サーモン&ツナ,タンパク質,41
637,ピュリナ　プロプラン　6ヶ月までの子猫用　サーモン&ツナ,脂質,21
638,ピュリナ　プロプラン　6ヶ月までの子猫用　サーモン&ツナ,粗繊維,2.5
639,ピュリナ　プロプラン　6ヶ月までの子猫用　サーモン&ツナ,灰分,8
640,ピュリナ　プロプラン　6ヶ月までの子猫用　サーモン&ツナ,水分,9
641,ピュリナ　プロプラン　子猫用　チキン,タンパク質,39
642,ピュリナ　プロプラン　子猫用　チキン,脂質,20
643,ピュリナ　プロプラン　子猫用　チキン,粗繊維,2.5
644,ピュリナ　プロプラン　子猫用　チキン,灰分,8
645,ピュリナ　プロプラン　子猫用　チキン,水分,9
646,ピュリナ　プロプラン　避妊・去勢した　猫の体重ケア　サーモン&ツナ,タンパク質,37
647,ピュリナ　プロプラン　避妊・去勢した　猫の体重ケア　サーモン&ツナ,脂質,10
648,ピュリナ　プロプラン　避妊・去勢した　猫の体重ケア　サーモン&ツナ,粗繊維,3
649,ピュリナ　プロプラン　避妊・去勢した　猫の体重ケア　サーモン&ツナ,灰分,8.5
650,ピュリナ　プロプラン　避妊・去勢した　猫の体重ケア　サーモン&ツナ,水分,9
651,ピュリナ　プロプラン　美味を求める成猫用　サーモン,タンパク質,36
652,ピュリナ　プロプラン　美味を求める成猫用　サーモン,脂質,15
653,ピュリナ　プロプラン　美味を求める成猫用　サーモン,粗繊維,5
654,ピュリナ　プロプラン　美味を求める成猫用　サーモン,灰分,8.5
655,ピュリナ　プロプラン　美味を求める成猫用　サーモン,水分,9
656,ピュリナ　プロプラン　室内飼い猫の毛玉ケア　チキン,タンパク質,34
657,ピュリナ　プロプラン　室内飼い猫の毛玉ケア　チキン,脂質,11
658,ピュリナ　プロプラン　室内飼い猫の毛玉ケア　チキン,粗繊維,7
659,ピュリナ　プロプラン　室内飼い猫の毛玉ケア　チキン,灰分,8.5
660,ピュリナ　プロプラン　室内飼い猫の毛玉ケア　チキン,水分,9
661,ピュリナ　プロプラン　尿路の健康ケア　チキン,タンパク質,32
662,ピュリナ　プロプラン　尿路の健康ケア　チキン,脂質,13
663,ピュリナ　プロプラン　尿路の健康ケア　チキン,粗繊維,3
664,ピュリナ　プロプラン　尿路の健康ケア　チキン,灰分,8.5
665,ピュリナ　プロプラン　尿路の健康ケア　チキン,水分,9
666,ピュリナ　プロプラン　7歳以上の成猫用　サーモン&ツナ,タンパク質,35
667,ピュリナ　プロプラン　7歳以上の成猫用　サーモン&ツナ,脂質,17
668,ピュリナ　プロプラン　7歳以上の成猫用　サーモン&ツナ,粗繊維,3
669,ピュリナ　プロプラン　7歳以上の成猫用　サーモン&ツナ,灰分,8.5
670,ピュリナ　プロプラン　7歳以上の成猫用　サーモン&ツナ,水分,9
671,ヒルズ　サイエンス・ダイエット　避妊・去勢後~6歳　チキン（避妊・去勢猫用）,タンパク質,28.5
672,ヒルズ　サイエンス・ダイエット　避妊・去勢後~6歳　チキン（避妊・去勢猫用）,脂質,8
673,ヒルズ　サイエンス・ダイエット　避妊・去勢後~6歳　チキン（避妊・去勢猫用）,粗繊維,3
674,ヒルズ　サイエンス・ダイエット　避妊・去勢後~6歳　チキン（避妊・去勢猫用）,灰分,7.5
675,ヒルズ　サイエンス・ダイエット　避妊・去勢後~6歳　チキン（避妊・去勢猫用）,水分,8
676,ヒルズ　サイエンス・ダイエット　腸の健康サポートプラス　1歳以上の成猫・高齢猫用　チキン　ドライフード,タンパク質,34.2
677,ヒルズ　サイエンス・ダイエット　腸の健康サポートプラス　1歳以上の成猫・高齢猫用　チキン　ドライフード,脂質,13.8
678,ヒルズ　サイエンス・ダイエット　腸の健康サポートプラス　1歳以上の成猫・高齢猫用　チキン　ドライフード,粗繊維,4
679,ヒルズ　サイエンス・ダイエット　腸の健康サポートプラス　1歳以上の成猫・高齢猫用　チキン　ドライフード,灰分,8
680,ヒルズ　サイエンス・ダイエット　腸の健康サポートプラス　1歳以上の成猫・高齢猫用　チキン　ドライフード,水分,6
681,ヒルズ　サイエンス・ダイエット　シニア　14歳以上　高齢猫用　チキン（シニア　アドバンスド）,タンパク質,29
682,ヒルズ　サイエンス・ダイエット　シニア　14歳以上　高齢猫用　チキン（シニア　アドバンスド）,脂質,16
683,ヒルズ　サイエンス・ダイエット　シニア　14歳以上　高齢猫用　チキン（シニア　アドバンスド）,粗繊維,3.5
684,ヒルズ　サイエンス・ダイエット　シニア　14歳以上　高齢猫用　チキン（シニア　アドバンスド）,灰分,7.5
685,ヒルズ　サイエンス・ダイエット　シニア　14歳以上　高齢猫用　チキン（シニア　アドバンスド）,水分,9.5
686,ヒルズ　サイエンス・ダイエット　アダルト　ライト　1~6歳　肥満傾向の成猫用　まぐろ,タンパク質,30
687,ヒルズ　サイエンス・ダイエット　アダルト　ライト　1~6歳　肥満傾向の成猫用　まぐろ,脂質,8.3
688,ヒルズ　サイエンス・ダイエット　アダルト　ライト　1~6歳　肥満傾向の成猫用　まぐろ,粗繊維,7.5
689,ヒルズ　サイエンス・ダイエット　アダルト　ライト　1~6歳　肥満傾向の成猫用　まぐろ,灰分,7
690,ヒルズ　サイエンス・ダイエット　アダルト　ライト　1~6歳　肥満傾向の成猫用　まぐろ,水分,7.5
691,ヒルズ　サイエンス・ダイエット　キトン　12ヶ月まで　子猫用／妊娠・授乳期の母猫にも　まぐろ,タンパク質,34.5
692,ヒルズ　サイエンス・ダイエット　キトン　12ヶ月まで　子猫用／妊娠・授乳期の母猫にも　まぐろ,脂質,21.5
693,ヒルズ　サイエンス・ダイエット　キトン　12ヶ月まで　子猫用／妊娠・授乳期の母猫にも　まぐろ,粗繊維,2.5
694,ヒルズ　サイエンス・ダイエット　キトン　12ヶ月まで　子猫用／妊娠・授乳期の母猫にも　まぐろ,灰分,9
695,ヒルズ　サイエンス・ダイエット　キトン　12ヶ月まで　子猫用／妊娠・授乳期の母猫にも　まぐろ,水分,8
696,ヒルズ　サイエンス・ダイエット　キトン　12ヶ月まで　子猫用／妊娠・授乳期の母猫にも　チキン,タンパク質,35
697,ヒルズ　サイエンス・ダイエット　キトン　12ヶ月まで　子猫用／妊娠・授乳期の母猫にも　チキン,脂質,21.5
698,ヒルズ　サイエンス・ダイエット　キトン　12ヶ月まで　子猫用／妊娠・授乳期の母猫にも　チキン,粗繊維,2.5
699,ヒルズ　サイエンス・ダイエット　キトン　12ヶ月まで　子猫用／妊娠・授乳期の母猫にも　チキン,灰分,9
700,ヒルズ　サイエンス・ダイエット　キトン　12ヶ月まで　子猫用／妊娠・授乳期の母猫にも　チキン,水分,6.5
701,ヒルズ　サイエンス・ダイエット　シニア　11歳以上　高齢猫用　チキン（シニアプラス）,タンパク質,29
702,ヒルズ　サイエンス・ダイエット　シニア　11歳以上　高齢猫用　チキン（シニアプラス）,脂質,15
703,ヒルズ　サイエンス・ダイエット　シニア　11歳以上　高齢猫用　チキン（シニアプラス）,粗繊維,2.5
704,ヒルズ　サイエンス・ダイエット　シニア　11歳以上　高齢猫用　チキン（シニアプラス）,灰分,6.5
705,ヒルズ　サイエンス・ダイエット　シニア　11歳以上　高齢猫用　チキン（シニアプラス）,水分,8
706,ヒルズ　サイエンス・ダイエット　シニア　7歳以上　高齢猫用　まぐろ,タンパク質,28
707,ヒルズ　サイエンス・ダイエット　シニア　7歳以上　高齢猫用　まぐろ,脂質,15.5
708,ヒルズ　サイエンス・ダイエット　シニア　7歳以上　高齢猫用　まぐろ,粗繊維,2
709,ヒルズ　サイエンス・ダイエット　シニア　7歳以上　高齢猫用　まぐろ,灰分,6.5
710,ヒルズ　サイエンス・ダイエット　シニア　7歳以上　高齢猫用　まぐろ,水分,8
711,ヒルズ　サイエンス・ダイエット　シニア　ライト　7歳以上　肥満傾向の高齢猫用　チキン,タンパク質,29
712,ヒルズ　サイエンス・ダイエット　シニア　ライト　7歳以上　肥満傾向の高齢猫用　チキン,脂質,6.5
713,ヒルズ　サイエンス・ダイエット　シニア　ライト　7歳以上　肥満傾向の高齢猫用　チキン,粗繊維,8.5
714,ヒルズ　サイエンス・ダイエット　シニア　ライト　7歳以上　肥満傾向の高齢猫用　チキン,灰分,7
715,ヒルズ　サイエンス・ダイエット　シニア　ライト　7歳以上　肥満傾向の高齢猫用　チキン,水分,10
716,ヒルズ　サイエンス・ダイエット　シニア　7歳以上　高齢猫用　チキン,タンパク質,29
717,ヒルズ　サイエンス・ダイエット　シニア　7歳以上　高齢猫用　チキン,脂質,15
718,ヒルズ　サイエンス・ダイエット　シニア　7歳以上　高齢猫用　チキン,粗繊維,2.5
719,ヒルズ　サイエンス・ダイエット　シニア　7歳以上　高齢猫用　チキン,灰分,6.5
720,ヒルズ　サイエンス・ダイエット　シニア　7歳以上　高齢猫用　チキン,水分,8
721,ヒルズ　サイエンス・ダイエット　アダルト　1~6歳　成猫用　チキン,タンパク質,30
722,ヒルズ　サイエンス・ダイエット　アダルト　1~6歳　成猫用　チキン,脂質,18
723,ヒルズ　サイエンス・ダイエット　アダルト　1~6歳　成猫用　チキン,粗繊維,2.5
724,ヒルズ　サイエンス・ダイエット　アダルト　1~6歳　成猫用　チキン,灰分,7.5
725,ヒルズ　サイエンス・ダイエット　アダルト　1~6歳　成猫用　チキン,水分,6
726,ヒルズ　サイエンス・ダイエット　アダルト　ライト　1~6歳　肥満傾向の成猫用　チキン,タンパク質,30
727,ヒルズ　サイエンス・ダイエット　アダルト　ライト　1~6歳　肥満傾向の成猫用　チキン,脂質,9
728,ヒルズ　サイエンス・ダイエット　アダルト　ライト　1~6歳　肥満傾向の成猫用　チキン,粗繊維,7
729,ヒルズ　サイエンス・ダイエット　アダルト　ライト　1~6歳　肥満傾向の成猫用　チキン,灰分,7
730,ヒルズ　サイエンス・ダイエット　アダルト　ライト　1~6歳　肥満傾向の成猫用　チキン,水分,8
731,ヒルズ　サイエンス・ダイエット　アダルト　1~6歳　成猫用　まぐろ,タンパク質,28.5
732,ヒルズ　サイエンス・ダイエット　アダルト　1~6歳　成猫用　まぐろ,脂質,17
733,ヒルズ　サイエンス・ダイエット　アダルト　1~6歳　成猫用　まぐろ,粗繊維,2.5
734,ヒルズ　サイエンス・ダイエット　アダルト　1~6歳　成猫用　まぐろ,灰分,7
735,ヒルズ　サイエンス・ダイエット　アダルト　1~6歳　成猫用　まぐろ,水分,8
736,ヒルズ　サイエンス・ダイエット　室内猫の毛玉・体重ケア　アダルト　1~6歳　成猫用　チキン（インドアキャット　アダルト）,タンパク質,29
737,ヒルズ　サイエンス・ダイエット　室内猫の毛玉・体重ケア　アダルト　1~6歳　成猫用　チキン（インドアキャット　アダルト）,脂質,6
738,ヒルズ　サイエンス・ダイエット　室内猫の毛玉・体重ケア　アダルト　1~6歳　成猫用　チキン（インドアキャット　アダルト）,粗繊維,9
739,ヒルズ　サイエンス・ダイエット　室内猫の毛玉・体重ケア　アダルト　1~6歳　成猫用　チキン（インドアキャット　アダルト）,灰分,7.5
740,ヒルズ　サイエンス・ダイエット　室内猫の毛玉・体重ケア　アダルト　1~6歳　成猫用　チキン（インドアキャット　アダルト）,水分,10.5
741,ヒルズ　サイエンス・ダイエット　室内猫の毛玉・体重ケア　シニア　7歳以上　高齢猫用　チキン（インドアキャット　シニア）,タンパク質,27
742,ヒルズ　サイエンス・ダイエット　室内猫の毛玉・体重ケア　シニア　7歳以上　高齢猫用　チキン（インドアキャット　シニア）,脂質,7.5
743,ヒルズ　サイエンス・ダイエット　室内猫の毛玉・体重ケア　シニア　7歳以上　高齢猫用　チキン（インドアキャット　シニア）,粗繊維,10
744,ヒルズ　サイエンス・ダイエット　室内猫の毛玉・体重ケア　シニア　7歳以上　高齢猫用　チキン（インドアキャット　シニア）,灰分,6.5
745,ヒルズ　サイエンス・ダイエット　室内猫の毛玉・体重ケア　シニア　7歳以上　高齢猫用　チキン（インドアキャット　シニア）,水分,10
746,ヒルズ　サイエンス・ダイエット　尿路の健康サポート　避妊・去勢猫用　1歳以上の成猫・高齢猫用　チキン,タンパク質,29
747,ヒルズ　サイエンス・ダイエット　尿路の健康サポート　避妊・去勢猫用　1歳以上の成猫・高齢猫用　チキン,脂質,8
748,ヒルズ　サイエンス・ダイエット　尿路の健康サポート　避妊・去勢猫用　1歳以上の成猫・高齢猫用　チキン,粗繊維,3
749,ヒルズ　サイエンス・ダイエット　尿路の健康サポート　避妊・去勢猫用　1歳以上の成猫・高齢猫用　チキン,灰分,7
750,ヒルズ　サイエンス・ダイエット　尿路の健康サポート　避妊・去勢猫用　1歳以上の成猫・高齢猫用　チキン,水分,7.5
751,ヒルズ　サイエンス・ダイエット　敏感なお腹と皮膚の健康サポート　1歳以上の成猫・高齢猫用　チキン,タンパク質,30
752,ヒルズ　サイエンス・ダイエット　敏感なお腹と皮膚の健康サポート　1歳以上の成猫・高齢猫用　チキン,脂質,17
753,ヒルズ　サイエンス・ダイエット　敏感なお腹と皮膚の健康サポート　1歳以上の成猫・高齢猫用　チキン,粗繊維,2.5
754,ヒルズ　サイエンス・ダイエット　敏感なお腹と皮膚の健康サポート　1歳以上の成猫・高齢猫用　チキン,灰分,7
755,ヒルズ　サイエンス・ダイエット　敏感なお腹と皮膚の健康サポート　1歳以上の成猫・高齢猫用　チキン,水分,9
756,ヒルズ　サイエンス・ダイエット　避妊・去勢後~6歳　まぐろ（避妊・去勢猫用）,タンパク質,29
757,ヒルズ　サイエンス・ダイエット　避妊・去勢後~6歳　まぐろ（避妊・去勢猫用）,脂質,8
758,ヒルズ　サイエンス・ダイエット　避妊・去勢後~6歳　まぐろ（避妊・去勢猫用）,粗繊維,2.5
759,ヒルズ　サイエンス・ダイエット　避妊・去勢後~6歳　まぐろ（避妊・去勢猫用）,灰分,7
760,ヒルズ　サイエンス・ダイエット　避妊・去勢後~6歳　まぐろ（避妊・去勢猫用）,水分,7.5
761,ヒルズ　サイエンス・ダイエット　減量サポート　1歳以上の成猫・高齢猫用　チキン,タンパク質,34.5
762,ヒルズ　サイエンス・ダイエット　減量サポート　1歳以上の成猫・高齢猫用　チキン,脂質,10.5
763,ヒルズ　サイエンス・ダイエット　減量サポート　1歳以上の成猫・高齢猫用　チキン,粗繊維,11
764,ヒルズ　サイエンス・ダイエット　減量サポート　1歳以上の成猫・高齢猫用　チキン,灰分,7.5
765,ヒルズ　サイエンス・ダイエット　減量サポート　1歳以上の成猫・高齢猫用　チキン,水分,7.5
766,ヒルズ　サイエンス・ダイエット〈プロ〉　猫用　毛玉排出・便通サポート機能　7歳以上,タンパク質,28.5
767,ヒルズ　サイエンス・ダイエット〈プロ〉　猫用　毛玉排出・便通サポート機能　7歳以上,脂質,15.5
768,ヒルズ　サイエンス・ダイエット〈プロ〉　猫用　毛玉排出・便通サポート機能　7歳以上,粗繊維,10.7
769,ヒルズ　サイエンス・ダイエット〈プロ〉　猫用　毛玉排出・便通サポート機能　7歳以上,灰分,6.5
770,ヒルズ　サイエンス・ダイエット〈プロ〉　猫用　毛玉排出・便通サポート機能　7歳以上,水分,8
771,ヒルズ　サイエンス・ダイエット〈プロ〉　猫用　シニアトータルケア機能　7歳以上,タンパク質,30
772,ヒルズ　サイエンス・ダイエット〈プロ〉　猫用　シニアトータルケア機能　7歳以上,脂質,13
773,ヒルズ　サイエンス・ダイエット〈プロ〉　猫用　シニアトータルケア機能　7歳以上,粗繊維,3
774,ヒルズ　サイエンス・ダイエット〈プロ〉　猫用　シニアトータルケア機能　7歳以上,灰分,6.5
775,ヒルズ　サイエンス・ダイエット〈プロ〉　猫用　シニアトータルケア機能　7歳以上,水分,10
776,ヒルズ　サイエンス・ダイエット〈プロ〉　猫用　腎臓・心臓サポート機能　7歳以上,タンパク質,27
777,ヒルズ　サイエンス・ダイエット〈プロ〉　猫用　腎臓・心臓サポート機能　7歳以上,脂質,16
778,ヒルズ　サイエンス・ダイエット〈プロ〉　猫用　腎臓・心臓サポート機能　7歳以上,粗繊維,3.5
779,ヒルズ　サイエンス・ダイエット〈プロ〉　猫用　腎臓・心臓サポート機能　7歳以上,灰分,6.5
780,ヒルズ　サイエンス・ダイエット〈プロ〉　猫用　腎臓・心臓サポート機能　7歳以上,水分,8
781,ヒルズ　サイエンス・ダイエット〈プロ〉　猫用　毛玉排出・便通サポート機能　1～6歳,タンパク質,29.5
782,ヒルズ　サイエンス・ダイエット〈プロ〉　猫用　毛玉排出・便通サポート機能　1～6歳,脂質,15.5
783,ヒルズ　サイエンス・ダイエット〈プロ〉　猫用　毛玉排出・便通サポート機能　1～6歳,粗繊維,11
784,ヒルズ　サイエンス・ダイエット〈プロ〉　猫用　毛玉排出・便通サポート機能　1～6歳,灰分,8
785,ヒルズ　サイエンス・ダイエット〈プロ〉　猫用　毛玉排出・便通サポート機能　1～6歳,水分,8
786,ヒルズ　サイエンス・ダイエット〈プロ〉　猫用　避妊・去勢後ケア機能　避妊・去勢後～,タンパク質,35.5
787,ヒルズ　サイエンス・ダイエット〈プロ〉　猫用　避妊・去勢後ケア機能　避妊・去勢後～,脂質,9
788,ヒルズ　サイエンス・ダイエット〈プロ〉　猫用　避妊・去勢後ケア機能　避妊・去勢後～,粗繊維,12
789,ヒルズ　サイエンス・ダイエット〈プロ〉　猫用　避妊・去勢後ケア機能　避妊・去勢後～,灰分,8.8
790,ヒルズ　サイエンス・ダイエット〈プロ〉　猫用　避妊・去勢後ケア機能　避妊・去勢後～,水分,8
791,ヒルズ　サイエンス・ダイエット〈プロ〉　猫用　体重管理機能　1～6歳,タンパク質,31
792,ヒルズ　サイエンス・ダイエット〈プロ〉　猫用　体重管理機能　1～6歳,脂質,6
793,ヒルズ　サイエンス・ダイエット〈プロ〉　猫用　体重管理機能　1～6歳,粗繊維,9
794,ヒルズ　サイエンス・ダイエット〈プロ〉　猫用　体重管理機能　1～6歳,灰分,9
795,ヒルズ　サイエンス・ダイエット〈プロ〉　猫用　体重管理機能　1～6歳,水分,10
796,ヒルズ　サイエンス・ダイエット〈プロ〉　猫用　毎日の活力維持機能　1～6歳,タンパク質,30
797,ヒルズ　サイエンス・ダイエット〈プロ〉　猫用　毎日の活力維持機能　1～6歳,脂質,18
798,ヒルズ　サイエンス・ダイエット〈プロ〉　猫用　毎日の活力維持機能　1～6歳,粗繊維,5
799,ヒルズ　サイエンス・ダイエット〈プロ〉　猫用　毎日の活力維持機能　1～6歳,灰分,7
800,ヒルズ　サイエンス・ダイエット〈プロ〉　猫用　毎日の活力維持機能　1～6歳,水分,8
801,ヒルズ　サイエンス・ダイエット〈プロ〉　猫用　発育サポート機能　子猫12ヶ月まで／妊娠・授乳期,タンパク質,33
802,ヒルズ　サイエンス・ダイエット〈プロ〉　猫用　発育サポート機能　子猫12ヶ月まで／妊娠・授乳期,脂質,19
803,ヒルズ　サイエンス・ダイエット〈プロ〉　猫用　発育サポート機能　子猫12ヶ月まで／妊娠・授乳期,粗繊維,3.5
804,ヒルズ　サイエンス・ダイエット〈プロ〉　猫用　発育サポート機能　子猫12ヶ月まで／妊娠・授乳期,灰分,8.5
805,ヒルズ　サイエンス・ダイエット〈プロ〉　猫用　発育サポート機能　子猫12ヶ月まで／妊娠・授乳期,水分,8
806,ヒルズ　プリスクリプション・ダイエット（特別療法食）　〈猫用〉　m/d　エムディー　ドライ,タンパク質,45
807,ヒルズ　プリスクリプション・ダイエット（特別療法食）　〈猫用〉　m/d　エムディー　ドライ,脂質,17
808,ヒルズ　プリスクリプション・ダイエット（特別療法食）　〈猫用〉　m/d　エムディー　ドライ,粗繊維,5.5
809,ヒルズ　プリスクリプション・ダイエット（特別療法食）　〈猫用〉　m/d　エムディー　ドライ,灰分,7
810,ヒルズ　プリスクリプション・ダイエット（特別療法食）　〈猫用〉　m/d　エムディー　ドライ,水分,8
811,ヒルズ　プリスクリプション・ダイエット（特別療法食）　〈猫用〉　k/d　ケイディー　ツナ　ドライ,タンパク質,26
812,ヒルズ　プリスクリプション・ダイエット（特別療法食）　〈猫用〉　k/d　ケイディー　ツナ　ドライ,脂質,18
813,ヒルズ　プリスクリプション・ダイエット（特別療法食）　〈猫用〉　k/d　ケイディー　ツナ　ドライ,粗繊維,3
814,ヒルズ　プリスクリプション・ダイエット（特別療法食）　〈猫用〉　k/d　ケイディー　ツナ　ドライ,灰分,6
815,ヒルズ　プリスクリプション・ダイエット（特別療法食）　〈猫用〉　k/d　ケイディー　ツナ　ドライ,水分,7
816,ヒルズ　プリスクリプション・ダイエット（特別療法食）　〈猫用〉c/dマルチケア　コンフォート+メタボリックス　ドライ,タンパク質,34.5
817,ヒルズ　プリスクリプション・ダイエット（特別療法食）　〈猫用〉c/dマルチケア　コンフォート+メタボリックス　ドライ,脂質,10.5
818,ヒルズ　プリスクリプション・ダイエット（特別療法食）　〈猫用〉c/dマルチケア　コンフォート+メタボリックス　ドライ,粗繊維,12
819,ヒルズ　プリスクリプション・ダイエット（特別療法食）　〈猫用〉c/dマルチケア　コンフォート+メタボリックス　ドライ,灰分,7
820,ヒルズ　プリスクリプション・ダイエット（特別療法食）　〈猫用〉c/dマルチケア　コンフォート+メタボリックス　ドライ,水分,8
821,ヒルズ　プリスクリプション・ダイエット（特別療法食）　〈猫用〉　s/d　エスディー　ドライ,タンパク質,29.5
822,ヒルズ　プリスクリプション・ダイエット（特別療法食）　〈猫用〉　s/d　エスディー　ドライ,脂質,21
823,ヒルズ　プリスクリプション・ダイエット（特別療法食）　〈猫用〉　s/d　エスディー　ドライ,粗繊維,2
824,ヒルズ　プリスクリプション・ダイエット（特別療法食）　〈猫用〉　s/d　エスディー　ドライ,灰分,8
825,ヒルズ　プリスクリプション・ダイエット（特別療法食）　〈猫用〉　s/d　エスディー　ドライ,水分,10
826,ヒルズ　プリスクリプション・ダイエット（特別療法食）　〈猫用〉　r/d　アールディー　ドライ,タンパク質,33.5
827,ヒルズ　プリスクリプション・ダイエット（特別療法食）　〈猫用〉　r/d　アールディー　ドライ,脂質,8
828,ヒルズ　プリスクリプション・ダイエット（特別療法食）　〈猫用〉　r/d　アールディー　ドライ,粗繊維,16
829,ヒルズ　プリスクリプション・ダイエット（特別療法食）　〈猫用〉　r/d　アールディー　ドライ,灰分,8
830,ヒルズ　プリスクリプション・ダイエット（特別療法食）　〈猫用〉　r/d　アールディー　ドライ,水分,8
831,ヒルズ　プリスクリプション・ダイエット（特別療法食）　〈猫用〉　y/d　ワイディー　ドライ,タンパク質,31
832,ヒルズ　プリスクリプション・ダイエット（特別療法食）　〈猫用〉　y/d　ワイディー　ドライ,脂質,19.5
833,ヒルズ　プリスクリプション・ダイエット（特別療法食）　〈猫用〉　y/d　ワイディー　ドライ,粗繊維,2.5
834,ヒルズ　プリスクリプション・ダイエット（特別療法食）　〈猫用〉　y/d　ワイディー　ドライ,灰分,7.5
835,ヒルズ　プリスクリプション・ダイエット（特別療法食）　〈猫用〉　y/d　ワイディー　ドライ,水分,8
836,ヒルズ　プリスクリプション・ダイエット（特別療法食）　〈猫用〉　t/d　ティーディー　ドライ,タンパク質,29
837,ヒルズ　プリスクリプション・ダイエット（特別療法食）　〈猫用〉　t/d　ティーディー　ドライ,脂質,12.5
838,ヒルズ　プリスクリプション・ダイエット（特別療法食）　〈猫用〉　t/d　ティーディー　ドライ,粗繊維,10.5
839,ヒルズ　プリスクリプション・ダイエット（特別療法食）　〈猫用〉　t/d　ティーディー　ドライ,灰分,7.5
840,ヒルズ　プリスクリプション・ダイエット（特別療法食）　〈猫用〉　t/d　ティーディー　ドライ,水分,10.5
841,ヒルズ　プリスクリプション・ダイエット（特別療法食）　〈猫用〉　z/d　ゼッドディー　ドライ,タンパク質,30
842,ヒルズ　プリスクリプション・ダイエット（特別療法食）　〈猫用〉　z/d　ゼッドディー　ドライ,脂質,13
843,ヒルズ　プリスクリプション・ダイエット（特別療法食）　〈猫用〉　z/d　ゼッドディー　ドライ,粗繊維,5
844,ヒルズ　プリスクリプション・ダイエット（特別療法食）　〈猫用〉　z/d　ゼッドディー　ドライ,灰分,7
845,ヒルズ　プリスクリプション・ダイエット（特別療法食）　〈猫用〉　z/d　ゼッドディー　ドライ,水分,8
846,ヒルズ　プリスクリプション・ダイエット（特別療法食）　〈猫用〉　w/d　ダブリューディー　ドライ,タンパク質,34
847,ヒルズ　プリスクリプション・ダイエット（特別療法食）　〈猫用〉　w/d　ダブリューディー　ドライ,脂質,6.5
848,ヒルズ　プリスクリプション・ダイエット（特別療法食）　〈猫用〉　w/d　ダブリューディー　ドライ,粗繊維,10
849,ヒルズ　プリスクリプション・ダイエット（特別療法食）　〈猫用〉　w/d　ダブリューディー　ドライ,灰分,7
850,ヒルズ　プリスクリプション・ダイエット（特別療法食）　〈猫用〉　w/d　ダブリューディー　ドライ,水分,10
851,ヒルズ　プリスクリプション・ダイエット（特別療法食）　〈猫用〉　腸内バイオーム　ドライ,タンパク質,32.3
852,ヒルズ　プリスクリプション・ダイエット（特別療法食）　〈猫用〉　腸内バイオーム　ドライ,脂質,15.7
853,ヒルズ　プリスクリプション・ダイエット（特別療法食）　〈猫用〉　腸内バイオーム　ドライ,粗繊維,7
854,ヒルズ　プリスクリプション・ダイエット（特別療法食）　〈猫用〉　腸内バイオーム　ドライ,灰分,6.6
855,ヒルズ　プリスクリプション・ダイエット（特別療法食）　〈猫用〉　腸内バイオーム　ドライ,水分,7
856,ヒルズ　プリスクリプション・ダイエット（特別療法食）　〈猫用〉　k/d　ケイディー　早期アシスト　チキン　ドライ,タンパク質,29
857,ヒルズ　プリスクリプション・ダイエット（特別療法食）　〈猫用〉　k/d　ケイディー　早期アシスト　チキン　ドライ,脂質,17
858,ヒルズ　プリスクリプション・ダイエット（特別療法食）　〈猫用〉　k/d　ケイディー　早期アシスト　チキン　ドライ,粗繊維,4
859,ヒルズ　プリスクリプション・ダイエット（特別療法食）　〈猫用〉　k/d　ケイディー　早期アシスト　チキン　ドライ,灰分,6
860,ヒルズ　プリスクリプション・ダイエット（特別療法食）　〈猫用〉　k/d　ケイディー　早期アシスト　チキン　ドライ,水分,8
861,ヒルズ　プリスクリプション・ダイエット（特別療法食）　〈猫用〉　k/d　ケイディー　チキン　ドライ,タンパク質,25
862,ヒルズ　プリスクリプション・ダイエット（特別療法食）　〈猫用〉　k/d　ケイディー　チキン　ドライ,脂質,19
863,ヒルズ　プリスクリプション・ダイエット（特別療法食）　〈猫用〉　k/d　ケイディー　チキン　ドライ,粗繊維,3
864,ヒルズ　プリスクリプション・ダイエット（特別療法食）　〈猫用〉　k/d　ケイディー　チキン　ドライ,灰分,6.5
865,ヒルズ　プリスクリプション・ダイエット（特別療法食）　〈猫用〉　k/d　ケイディー　チキン　ドライ,水分,8
866,ヒルズ　プリスクリプション・ダイエット（特別療法食）　〈猫用〉　c/d　シーディー　マルチケア　コンフォート　チキン　ドライ,タンパク質,30
867,ヒルズ　プリスクリプション・ダイエット（特別療法食）　〈猫用〉　c/d　シーディー　マルチケア　コンフォート　チキン　ドライ,脂質,14
868,ヒルズ　プリスクリプション・ダイエット（特別療法食）　〈猫用〉　c/d　シーディー　マルチケア　コンフォート　チキン　ドライ,粗繊維,2.5
869,ヒルズ　プリスクリプション・ダイエット（特別療法食）　〈猫用〉　c/d　シーディー　マルチケア　コンフォート　チキン　ドライ,灰分,7
870,ヒルズ　プリスクリプション・ダイエット（特別療法食）　〈猫用〉　c/d　シーディー　マルチケア　コンフォート　チキン　ドライ,水分,7.5
871,ヒルズ　プリスクリプション・ダイエット（特別療法食）　〈猫用〉　c/d　シーディー　マルチケア　チキン　ドライ,タンパク質,30
872,ヒルズ　プリスクリプション・ダイエット（特別療法食）　〈猫用〉　c/d　シーディー　マルチケア　チキン　ドライ,脂質,14
873,ヒルズ　プリスクリプション・ダイエット（特別療法食）　〈猫用〉　c/d　シーディー　マルチケア　チキン　ドライ,粗繊維,2.5
874,ヒルズ　プリスクリプション・ダイエット（特別療法食）　〈猫用〉　c/d　シーディー　マルチケア　チキン　ドライ,灰分,6.5
875,ヒルズ　プリスクリプション・ダイエット（特別療法食）　〈猫用〉　c/d　シーディー　マルチケア　チキン　ドライ,水分,7.5
876,ヒルズ　プリスクリプション・ダイエット（特別療法食）　〈猫用〉　メタボリックス　ドライ,タンパク質,36
877,ヒルズ　プリスクリプション・ダイエット（特別療法食）　〈猫用〉　メタボリックス　ドライ,脂質,11
878,ヒルズ　プリスクリプション・ダイエット（特別療法食）　〈猫用〉　メタボリックス　ドライ,粗繊維,11.5
879,ヒルズ　プリスクリプション・ダイエット（特別療法食）　〈猫用〉　メタボリックス　ドライ,灰分,7.5
880,ヒルズ　プリスクリプション・ダイエット（特別療法食）　〈猫用〉　メタボリックス　ドライ,水分,6.5
881,ヒルズ　プリスクリプション・ダイエット（特別療法食）　〈猫用〉　c/d　シーディー　マルチケア　フィッシュ入り　ドライ,タンパク質,29.5
882,ヒルズ　プリスクリプション・ダイエット（特別療法食）　〈猫用〉　c/d　シーディー　マルチケア　フィッシュ入り　ドライ,脂質,13
883,ヒルズ　プリスクリプション・ダイエット（特別療法食）　〈猫用〉　c/d　シーディー　マルチケア　フィッシュ入り　ドライ,粗繊維,2
884,ヒルズ　プリスクリプション・ダイエット（特別療法食）　〈猫用〉　c/d　シーディー　マルチケア　フィッシュ入り　ドライ,灰分,7
885,ヒルズ　プリスクリプション・ダイエット（特別療法食）　〈猫用〉　c/d　シーディー　マルチケア　フィッシュ入り　ドライ,水分,9
886,ヒルズ　プリスクリプション・ダイエット（特別療法食）　〈猫用〉　c/d　シーディー　マルチケア　コンフォート　フィッシュ入り　ドライ,タンパク質,31.3
887,ヒルズ　プリスクリプション・ダイエット（特別療法食）　〈猫用〉　c/d　シーディー　マルチケア　コンフォート　フィッシュ入り　ドライ,脂質,13.8
888,ヒルズ　プリスクリプション・ダイエット（特別療法食）　〈猫用〉　c/d　シーディー　マルチケア　コンフォート　フィッシュ入り　ドライ,粗繊維,2.3
889,ヒルズ　プリスクリプション・ダイエット（特別療法食）　〈猫用〉　c/d　シーディー　マルチケア　コンフォート　フィッシュ入り　ドライ,灰分,6.2
890,ヒルズ　プリスクリプション・ダイエット（特別療法食）　〈猫用〉　c/d　シーディー　マルチケア　コンフォート　フィッシュ入り　ドライ,水分,7
891,ヒルズ　プリスクリプション・ダイエット（特別療法食）　〈猫用〉　i/d　アイディー　ドライ,タンパク質,34
892,ヒルズ　プリスクリプション・ダイエット（特別療法食）　〈猫用〉　i/d　アイディー　ドライ,脂質,17
893,ヒルズ　プリスクリプション・ダイエット（特別療法食）　〈猫用〉　i/d　アイディー　ドライ,粗繊維,5
894,ヒルズ　プリスクリプション・ダイエット（特別療法食）　〈猫用〉　i/d　アイディー　ドライ,灰分,8
895,ヒルズ　プリスクリプション・ダイエット（特別療法食）　〈猫用〉　i/d　アイディー　ドライ,水分,6.5
896,メディファスアドバンス　2種の尿石ケア　子ねこから10歳まで　避妊・去勢後のケア　チキン＆フィッシュ味,タンパク質,36
897,メディファスアドバンス　2種の尿石ケア　子ねこから10歳まで　避妊・去勢後のケア　チキン＆フィッシュ味,脂質,11.5
898,メディファスアドバンス　2種の尿石ケア　子ねこから10歳まで　避妊・去勢後のケア　チキン＆フィッシュ味,粗繊維,4
899,メディファスアドバンス　2種の尿石ケア　子ねこから10歳まで　避妊・去勢後のケア　チキン＆フィッシュ味,灰分,11.5
900,メディファスアドバンス　2種の尿石ケア　子ねこから10歳まで　避妊・去勢後のケア　チキン＆フィッシュ味,水分,10
901,メディファスアドバンス　2種の尿石ケア　1歳から　チキン＆フィッシュ味,タンパク質,36
902,メディファスアドバンス　2種の尿石ケア　1歳から　チキン＆フィッシュ味,脂質,13
903,メディファスアドバンス　2種の尿石ケア　1歳から　チキン＆フィッシュ味,粗繊維,4
904,メディファスアドバンス　2種の尿石ケア　1歳から　チキン＆フィッシュ味,灰分,11.5
905,メディファスアドバンス　2種の尿石ケア　1歳から　チキン＆フィッシュ味,水分,10
906,メディファスアドバンス　2種の尿石ケア　1歳から　フィッシュ味,タンパク質,36
907,メディファスアドバンス　2種の尿石ケア　1歳から　フィッシュ味,脂質,13
908,メディファスアドバンス　2種の尿石ケア　1歳から　フィッシュ味,粗繊維,4
909,メディファスアドバンス　2種の尿石ケア　1歳から　フィッシュ味,灰分,11.5
910,メディファスアドバンス　2種の尿石ケア　1歳から　フィッシュ味,水分,10
911,メディファスアドバンス　グレインフリー　1歳から　チキン＆フィッシュ味,タンパク質,32.5
912,メディファスアドバンス　グレインフリー　1歳から　チキン＆フィッシュ味,脂質,16
913,メディファスアドバンス　グレインフリー　1歳から　チキン＆フィッシュ味,粗繊維,7.5
914,メディファスアドバンス　グレインフリー　1歳から　チキン＆フィッシュ味,灰分,11.5
915,メディファスアドバンス　グレインフリー　1歳から　チキン＆フィッシュ味,水分,10
916,メディファスアドバンス　グレインフリー　1歳から　フィッシュ味,タンパク質,32
917,メディファスアドバンス　グレインフリー　1歳から　フィッシュ味,脂質,16
918,メディファスアドバンス　グレインフリー　1歳から　フィッシュ味,粗繊維,7.5
919,メディファスアドバンス　グレインフリー　1歳から　フィッシュ味,灰分,12
920,メディファスアドバンス　グレインフリー　1歳から　フィッシュ味,水分,10
921,メディファスアドバンス　食物アレルゲンケア　1歳から,タンパク質,28.5
922,メディファスアドバンス　食物アレルゲンケア　1歳から,脂質,17.5
923,メディファスアドバンス　食物アレルゲンケア　1歳から,粗繊維,8.5
924,メディファスアドバンス　食物アレルゲンケア　1歳から,灰分,9.5
925,メディファスアドバンス　食物アレルゲンケア　1歳から,水分,10
926,メディファスアドバンス　腎臓の健康維持　7歳頃から,タンパク質,24.5
927,メディファスアドバンス　腎臓の健康維持　7歳頃から,脂質,17.5
928,メディファスアドバンス　腎臓の健康維持　7歳頃から,粗繊維,5.5
929,メディファスアドバンス　腎臓の健康維持　7歳頃から,灰分,8
930,メディファスアドバンス　腎臓の健康維持　7歳頃から,水分,10
931,メディファス　子ねこ　12か月まで　チキン味,タンパク質,32.5
932,メディファス　子ねこ　12か月まで　チキン味,脂質,12
933,メディファス　子ねこ　12か月まで　チキン味,粗繊維,4
934,メディファス　子ねこ　12か月まで　チキン味,灰分,9
935,メディファス　子ねこ　12か月まで　チキン味,水分,10
936,メディファス　1歳から　チキン味,タンパク質,30
937,メディファス　1歳から　チキン味,脂質,12
938,メディファス　1歳から　チキン味,粗繊維,4
939,メディファス　1歳から　チキン味,灰分,9
940,メディファス　1歳から　チキン味,水分,10
941,メディファス　1歳から　フィッシュ味,タンパク質,30
942,メディファス　1歳から　フィッシュ味,脂質,11.5
943,メディファス　1歳から　フィッシュ味,粗繊維,4
944,メディファス　1歳から　フィッシュ味,灰分,9.5
945,メディファス　1歳から　フィッシュ味,水分,10
946,メディファス　7歳から　チキン味,タンパク質,29.5
947,メディファス　7歳から　チキン味,脂質,11
948,メディファス　7歳から　チキン味,粗繊維,5
949,メディファス　7歳から　チキン味,灰分,8.5
950,メディファス　7歳から　チキン味,水分,10
951,メディファス　7歳から　フィッシュ味,タンパク質,29.5
952,メディファス　7歳から　フィッシュ味,脂質,11
953,メディファス　7歳から　フィッシュ味,粗繊維,5
954,メディファス　7歳から　フィッシュ味,灰分,8.5
955,メディファス　7歳から　フィッシュ味,水分,10
956,メディファス　11歳から　チキン味,タンパク質,28.5
957,メディファス　11歳から　チキン味,脂質,14.5
958,メディファス　11歳から　チキン味,粗繊維,5
959,メディファス　11歳から　チキン味,灰分,7.5
960,メディファス　11歳から　チキン味,水分,10
961,メディファス　室内猫　毛玉ケアプラス　1歳から　チキン＆フィッシュ味,タンパク質,30
962,メディファス　室内猫　毛玉ケアプラス　1歳から　チキン＆フィッシュ味,脂質,11
963,メディファス　室内猫　毛玉ケアプラス　1歳から　チキン＆フィッシュ味,粗繊維,8
964,メディファス　室内猫　毛玉ケアプラス　1歳から　チキン＆フィッシュ味,灰分,9
965,メディファス　室内猫　毛玉ケアプラス　1歳から　チキン＆フィッシュ味,水分,10
966,メディファス　室内猫　毛玉ケアプラス　7歳から　チキン＆フィッシュ味,タンパク質,29.5
967,メディファス　室内猫　毛玉ケアプラス　7歳から　チキン＆フィッシュ味,脂質,10
968,メディファス　室内猫　毛玉ケアプラス　7歳から　チキン＆フィッシュ味,粗繊維,8
969,メディファス　室内猫　毛玉ケアプラス　7歳から　チキン＆フィッシュ味,灰分,8.5
970,メディファス　室内猫　毛玉ケアプラス　7歳から　チキン＆フィッシュ味,水分,10
971,メディファス　室内猫　毛玉ケアプラス　11歳から　チキン＆フィッシュ味,タンパク質,28
972,メディファス　室内猫　毛玉ケアプラス　11歳から　チキン＆フィッシュ味,脂質,12
973,メディファス　室内猫　毛玉ケアプラス　11歳から　チキン＆フィッシュ味,粗繊維,7
974,メディファス　室内猫　毛玉ケアプラス　11歳から　チキン＆フィッシュ味,灰分,7
975,メディファス　室内猫　毛玉ケアプラス　11歳から　チキン＆フィッシュ味,水分,10
976,メディファス　満腹感ダイエット　1歳から　チキン＆フィッシュ味,タンパク質,29.5
977,メディファス　満腹感ダイエット　1歳から　チキン＆フィッシュ味,脂質,8
978,メディファス　満腹感ダイエット　1歳から　チキン＆フィッシュ味,粗繊維,7
979,メディファス　満腹感ダイエット　1歳から　チキン＆フィッシュ味,灰分,9
980,メディファス　満腹感ダイエット　1歳から　チキン＆フィッシュ味,水分,10
981,メディファス　避妊・去勢後のケア　子ねこから10歳まで　チキン＆フィッシュ味,タンパク質,32.5
982,メディファス　避妊・去勢後のケア　子ねこから10歳まで　チキン＆フィッシュ味,脂質,8.5
983,メディファス　避妊・去勢後のケア　子ねこから10歳まで　チキン＆フィッシュ味,粗繊維,6.5
984,メディファス　避妊・去勢後のケア　子ねこから10歳まで　チキン＆フィッシュ味,灰分,10
985,メディファス　避妊・去勢後のケア　子ねこから10歳まで　チキン＆フィッシュ味,水分,10
986,ＪＰスタイル　和の究み　セレクトヘルスケア　下部尿路低カルシウム,タンパク質,30
987,ＪＰスタイル　和の究み　セレクトヘルスケア　下部尿路低カルシウム,脂質,9
988,ＪＰスタイル　和の究み　セレクトヘルスケア　下部尿路低カルシウム,粗繊維,5
989,ＪＰスタイル　和の究み　セレクトヘルスケア　下部尿路低カルシウム,灰分,9
990,ＪＰスタイル　和の究み　セレクトヘルスケア　下部尿路低カルシウム,水分,10
991,ＪＰスタイル　和の究み　セレクトヘルスケア　腎臓ガード　かつお味,タンパク質,27
992,ＪＰスタイル　和の究み　セレクトヘルスケア　腎臓ガード　かつお味,脂質,14
993,ＪＰスタイル　和の究み　セレクトヘルスケア　腎臓ガード　かつお味,粗繊維,5
994,ＪＰスタイル　和の究み　セレクトヘルスケア　腎臓ガード　かつお味,灰分,9
995,ＪＰスタイル　和の究み　セレクトヘルスケア　腎臓ガード　かつお味,水分,10
996,ＪＰスタイル　和の究み　セレクトヘルスケア　腎臓ガード　チキン味,タンパク質,27
997,ＪＰスタイル　和の究み　セレクトヘルスケア　腎臓ガード　チキン味,脂質,14
998,ＪＰスタイル　和の究み　セレクトヘルスケア　腎臓ガード　チキン味,粗繊維,5
999,ＪＰスタイル　和の究み　セレクトヘルスケア　腎臓ガード　チキン味,灰分,9
1000,ＪＰスタイル　和の究み　セレクトヘルスケア　腎臓ガード　チキン味,水分,10
